_row_excel,siat_finalidade_descricao,siat_area_terreno,crawler_area_terreno,__area_total_lote_efetiva,__regra_area_lote
413,TERRENO EM CONDOMINIO HORIZONTAL FECHADO,34403.35,242.23,242.23,área da unidade negociada em condomínio
550,TERRENO EM CONDOMINIO HORIZONTAL FECHADO,14921.05,756.44,756.44,área da unidade negociada em condomínio
562,TERRENOS CONDOMINIO HORIZ ABERTO SEM AREA USO COMUM,420.0,84.0,84.0,área da unidade negociada em condomínio
856,TERRENO EM CONDOMINIO HORIZONTAL FECHADO,15535.62,200.0,200.0,área da unidade negociada em condomínio
1151,TERRENO EM CONDOMINIO HORIZONTAL FECHADO,865201.8,683.84,683.84,área da unidade negociada em condomínio
1628,TERRENO EM CONDOMINIO HORIZONTAL FECHADO,44454.0,203.41,203.41,área da unidade negociada em condomínio
1807,TERRENO EM CONDOMINIO HORIZONTAL FECHADO,19948.88,204.88,204.88,área da unidade negociada em condomínio
1942,TERRENO EM CONDOMINIO HORIZONTAL FECHADO,16484.37,169.69,169.69,área da unidade negociada em condomínio
2132,TERRENO EM CONDOMINIO HORIZONTAL FECHADO,487200.89,742.93,742.93,área da unidade negociada em condomínio
2428,TERRENO EM CONDOMINIO HORIZONTAL FECHADO,1426987.0,1083.74,1083.74,área da unidade negociada em condomínio
2895,TERRENO EM CONDOMINIO HORIZONTAL FECHADO,14057.42,177.69,177.69,área da unidade negociada em condomínio
3168,TERRENO EM CONDOMINIO HORIZONTAL FECHADO,487200.89,718.49,718.49,área da unidade negociada em condomínio
3170,TERRENO EM CONDOMINIO HORIZONTAL FECHADO,865201.8,611.39,611.39,área da unidade negociada em condomínio
3265,TERRENO EM CONDOMINIO HORIZONTAL FECHADO,487200.89,508.85,508.85,área da unidade negociada em condomínio
3302,TERRENO EM CONDOMINIO HORIZONTAL FECHADO,9356.0,256.89,256.89,área da unidade negociada em condomínio
3309,TERRENO EM CONDOMINIO HORIZONTAL FECHADO,865201.8,1368.98,1368.98,área da unidade negociada em condomínio
3646,TERRENO EM CONDOMINIO HORIZONTAL FECHADO,21706.54,436.29,436.29,área da unidade negociada em condomínio
3827,TERRENO EM CONDOMINIO HORIZONTAL FECHADO,8601.11,169.58,169.58,área da unidade negociada em condomínio
4071,TERRENO EM CONDOMINIO HORIZONTAL FECHADO,865201.8,1576.85,1576.85,área da unidade negociada em condomínio
4288,TERRENO EM CONDOMINIO HORIZONTAL FECHADO,34403.35,265.51,265.51,área da unidade negociada em condomínio
4297,TERRENO EM CONDOMINIO HORIZONTAL FECHADO,8601.11,169.58,169.58,área da unidade negociada em condomínio
4374,TERRENO EM CONDOMINIO HORIZONTAL FECHADO,15535.62,137.5,137.5,área da unidade negociada em condomínio
4980,TERRENO EM CONDOMINIO HORIZONTAL FECHADO,21706.54,503.55,503.55,área da unidade negociada em condomínio
5001,TERRENO EM CONDOMINIO HORIZONTAL FECHADO,1426987.0,1083.74,1083.74,área da unidade negociada em condomínio
5084,TERRENO EM CONDOMINIO HORIZONTAL FECHADO,19729.0,222.37,222.37,área da unidade negociada em condomínio
5088,TERRENO EM CONDOMINIO HORIZONTAL FECHADO,25258.11,234.37,234.37,área da unidade negociada em condomínio
5347,TERRENO EM CONDOMINIO HORIZONTAL FECHADO,25258.11,234.18,234.18,área da unidade negociada em condomínio
5468,TERRENO EM CONDOMINIO HORIZONTAL FECHADO,865201.8,484.91,484.91,área da unidade negociada em condomínio
6081,TERRENO EM CONDOMINIO HORIZONTAL FECHADO,865201.8,1235.69,1235.69,área da unidade negociada em condomínio
6083,TERRENO EM CONDOMINIO HORIZONTAL FECHADO,865201.8,583.1,583.1,área da unidade negociada em condomínio
6902,TERRENO EM CONDOMINIO HORIZONTAL FECHADO,16484.37,162.99,162.99,área da unidade negociada em condomínio
8497,TERRENO EM CONDOMINIO HORIZONTAL FECHADO,487200.89,589.84,589.84,área da unidade negociada em condomínio
8688,TERRENO EM CONDOMINIO HORIZONTAL FECHADO,14921.05,206.99,206.99,área da unidade negociada em condomínio
9076,TERRENO EM CONDOMINIO HORIZONTAL FECHADO,865201.8,611.39,611.39,área da unidade negociada em condomínio
9489,TERRENO EM CONDOMINIO HORIZONTAL FECHADO,16484.37,154.42,154.42,área da unidade negociada em condomínio
9618,TERRENO EM CONDOMINIO HORIZONTAL FECHADO,19948.88,327.37,327.37,área da unidade negociada em condomínio
9883,TERRENO EM CONDOMINIO HORIZONTAL FECHADO,14921.05,142.5,142.5,área da unidade negociada em condomínio
9916,TERRENO EM CONDOMINIO HORIZONTAL FECHADO,281262.0,917.24,917.24,área da unidade negociada em condomínio
10417,TERRENO EM CONDOMINIO HORIZONTAL FECHADO,14921.05,206.99,206.99,área da unidade negociada em condomínio
10763,TERRENO EM CONDOMINIO HORIZONTAL FECHADO,865201.8,554.02,554.02,área da unidade negociada em condomínio
11820,TERRENO EM CONDOMINIO HORIZONTAL FECHADO,1426987.0,1013.76,1013.76,área da unidade negociada em condomínio
12613,TERRENO EM CONDOMINIO HORIZONTAL FECHADO,1426987.0,1012.5,1012.5,área da unidade negociada em condomínio
12890,TERRENO EM CONDOMINIO HORIZONTAL FECHADO,15535.62,137.5,137.5,área da unidade negociada em condomínio
12966,TERRENO EM CONDOMINIO HORIZONTAL FECHADO,865201.8,540.0,540.0,área da unidade negociada em condomínio
13168,TERRENO EM CONDOMINIO HORIZONTAL FECHADO,1426987.0,0.0,,área da unidade em condomínio ausente
13838,TERRENO EM CONDOMINIO HORIZONTAL FECHADO,13501.82,210.15,210.15,área da unidade negociada em condomínio
13843,TERRENO EM CONDOMINIO HORIZONTAL FECHADO,21706.54,546.9,546.9,área da unidade negociada em condomínio
14222,TERRENO EM CONDOMINIO HORIZONTAL FECHADO,13501.82,210.15,210.15,área da unidade negociada em condomínio
14383,TERRENO EM CONDOMINIO HORIZONTAL FECHADO,34403.35,265.51,265.51,área da unidade negociada em condomínio
14559,TERRENO EM CONDOMINIO HORIZONTAL FECHADO,865201.8,1586.7,1586.7,área da unidade negociada em condomínio
14810,TERRENO EM CONDOMINIO HORIZONTAL FECHADO,34403.35,247.88,247.88,área da unidade negociada em condomínio
15203,TERRENO EM CONDOMINIO HORIZONTAL FECHADO,865201.8,1586.7,1586.7,área da unidade negociada em condomínio
15226,TERRENO EM CONDOMINIO HORIZONTAL FECHADO,16484.37,154.42,154.42,área da unidade negociada em condomínio
15993,TERRENO EM CONDOMINIO HORIZONTAL FECHADO,34403.35,232.38,232.38,área da unidade negociada em condomínio
16063,TERRENO EM CONDOMINIO HORIZONTAL FECHADO,1426987.0,1012.5,1012.5,área da unidade negociada em condomínio
16256,TERRENO EM CONDOMINIO HORIZONTAL FECHADO,1426987.0,1047.7,1047.7,área da unidade negociada em condomínio
16259,TERRENO EM CONDOMINIO HORIZONTAL FECHADO,1426987.0,1012.5,1012.5,área da unidade negociada em condomínio
16760,TERRENO EM CONDOMINIO HORIZONTAL FECHADO,1426987.0,1012.5,1012.5,área da unidade negociada em condomínio
16761,TERRENO EM CONDOMINIO HORIZONTAL FECHADO,1426987.0,1047.7,1047.7,área da unidade negociada em condomínio
16874,TERRENO EM CONDOMINIO HORIZONTAL FECHADO,30761.63,154.0,154.0,área da unidade negociada em condomínio
17156,TERRENO EM CONDOMINIO HORIZONTAL FECHADO,487200.89,623.01,623.01,área da unidade negociada em condomínio
17611,TERRENO EM CONDOMINIO HORIZONTAL FECHADO,33677.6,189.0,189.0,área da unidade negociada em condomínio
17855,TERRENO EM CONDOMINIO HORIZONTAL FECHADO,21706.54,436.29,436.29,área da unidade negociada em condomínio
18163,TERRENO EM CONDOMINIO HORIZONTAL FECHADO,46180.62,608.86,608.86,área da unidade negociada em condomínio
18471,TERRENO EM CONDOMINIO HORIZONTAL FECHADO,69568.0,320.38,320.38,área da unidade negociada em condomínio
18784,TERRENO EM CONDOMINIO HORIZONTAL FECHADO,34403.35,247.88,247.88,área da unidade negociada em condomínio
18786,TERRENO EM CONDOMINIO HORIZONTAL FECHADO,34403.35,232.38,232.38,área da unidade negociada em condomínio
18871,TERRENO EM CONDOMINIO HORIZONTAL FECHADO,69568.0,320.38,320.38,área da unidade negociada em condomínio
19270,TERRENO EM CONDOMINIO HORIZONTAL FECHADO,865201.8,540.0,540.0,área da unidade negociada em condomínio
19286,TERRENO EM CONDOMINIO HORIZONTAL FECHADO,865201.8,583.02,583.02,área da unidade negociada em condomínio
19577,TERRENO EM CONDOMINIO HORIZONTAL FECHADO,11887.7,301.25,301.25,área da unidade negociada em condomínio
19609,TERRENO EM CONDOMINIO HORIZONTAL FECHADO,11887.7,301.25,301.25,área da unidade negociada em condomínio
20413,TERRENO EM CONDOMINIO HORIZONTAL FECHADO,487200.89,760.09,760.09,área da unidade negociada em condomínio
21147,TERRENO EM CONDOMINIO HORIZONTAL FECHADO,18381.0,280.12,280.12,área da unidade negociada em condomínio
21862,TERRENO EM CONDOMINIO HORIZONTAL FECHADO,487200.89,561.07,561.07,área da unidade negociada em condomínio
21864,TERRENO EM CONDOMINIO HORIZONTAL FECHADO,865201.8,1586.7,1586.7,área da unidade negociada em condomínio
21865,TERRENO EM CONDOMINIO HORIZONTAL FECHADO,865201.8,1586.7,1586.7,área da unidade negociada em condomínio
22400,TERRENO EM CONDOMINIO HORIZONTAL FECHADO,44454.0,217.02,217.02,área da unidade negociada em condomínio
22813,TERRENO EM CONDOMINIO HORIZONTAL FECHADO,16484.37,166.2,166.2,área da unidade negociada em condomínio
23794,TERRENO EM CONDOMINIO HORIZONTAL FECHADO,34403.35,247.88,247.88,área da unidade negociada em condomínio
23810,TERRENO EM CONDOMINIO HORIZONTAL FECHADO,34403.35,232.38,232.38,área da unidade negociada em condomínio
23949,TERRENO EM CONDOMINIO HORIZONTAL FECHADO,1426987.0,1035.75,1035.75,área da unidade negociada em condomínio
24205,TERRENO EM CONDOMINIO HORIZONTAL FECHADO,13501.82,210.15,210.15,área da unidade negociada em condomínio
24511,TERRENO EM CONDOMINIO HORIZONTAL FECHADO,16484.37,167.57,167.57,área da unidade negociada em condomínio
25039,TERRENO EM CONDOMINIO HORIZONTAL FECHADO,13501.82,292.52,292.52,área da unidade negociada em condomínio
25093,TERRENO EM CONDOMINIO HORIZONTAL FECHADO,16484.37,228.65,228.65,área da unidade negociada em condomínio
25601,TERRENO EM CONDOMINIO HORIZONTAL FECHADO,19948.88,204.88,204.88,área da unidade negociada em condomínio
26168,TERRENO EM CONDOMINIO HORIZONTAL FECHADO,18381.0,184.38,184.38,área da unidade negociada em condomínio
26282,TERRENO EM CONDOMINIO HORIZONTAL FECHADO,865201.8,551.87,551.87,área da unidade negociada em condomínio
26289,TERRENO EM CONDOMINIO HORIZONTAL FECHADO,19948.88,204.88,204.88,área da unidade negociada em condomínio
26435,TERRENO EM CONDOMINIO HORIZONTAL FECHADO,16484.37,102.13,102.13,área da unidade negociada em condomínio
26854,TERRENO EM CONDOMINIO HORIZONTAL FECHADO,865201.8,512.45,512.45,área da unidade negociada em condomínio
26858,TERRENO EM CONDOMINIO HORIZONTAL FECHADO,865201.8,512.45,512.45,área da unidade negociada em condomínio
27098,TERRENO EM CONDOMINIO HORIZONTAL FECHADO,18381.0,184.38,184.38,área da unidade negociada em condomínio
27649,TERRENO EM CONDOMINIO HORIZONTAL FECHADO,139122.0,330.0,330.0,área da unidade negociada em condomínio
27654,TERRENO EM CONDOMINIO HORIZONTAL FECHADO,9093.0,105.53,105.53,área da unidade negociada em condomínio
27749,TERRENO EM CONDOMINIO HORIZONTAL FECHADO,9093.0,105.53,105.53,área da unidade negociada em condomínio
27754,TERRENO EM CONDOMINIO HORIZONTAL FECHADO,9093.0,105.53,105.53,área da unidade negociada em condomínio
27762,TERRENO EM CONDOMINIO HORIZONTAL FECHADO,9093.0,105.53,105.53,área da unidade negociada em condomínio
28125,TERRENO EM CONDOMINIO HORIZONTAL FECHADO,64896.0,499.8,499.8,área da unidade negociada em condomínio
28989,TERRENO EM CONDOMINIO HORIZONTAL FECHADO,16484.37,122.38,122.38,área da unidade negociada em condomínio
29411,TERRENO EM CONDOMINIO HORIZONTAL FECHADO,19948.88,218.54,218.54,área da unidade negociada em condomínio
29453,TERRENO EM CONDOMINIO HORIZONTAL FECHADO,865201.8,480.0,480.0,área da unidade negociada em condomínio
29950,TERRENO EM CONDOMINIO HORIZONTAL FECHADO,487200.89,1658.8,1658.8,área da unidade negociada em condomínio
30085,TERRENO EM CONDOMINIO HORIZONTAL FECHADO,865201.8,480.0,480.0,área da unidade negociada em condomínio
30495,TERRENO EM CONDOMINIO HORIZONTAL FECHADO,865201.8,1586.7,1586.7,área da unidade negociada em condomínio
30698,TERRENO EM CONDOMINIO HORIZONTAL FECHADO,865201.8,1586.7,1586.7,área da unidade negociada em condomínio
30724,TERRENO EM CONDOMINIO HORIZONTAL FECHADO,9356.0,184.14,184.14,área da unidade negociada em condomínio
30731,TERRENO EM CONDOMINIO HORIZONTAL FECHADO,865201.8,1528.66,1528.66,área da unidade negociada em condomínio
30924,TERRENO EM CONDOMINIO HORIZONTAL FECHADO,487200.89,760.09,760.09,área da unidade negociada em condomínio
31060,TERRENO EM CONDOMINIO HORIZONTAL FECHADO,865201.8,472.5,472.5,área da unidade negociada em condomínio
31296,TERRENO EM CONDOMINIO HORIZONTAL FECHADO,487200.89,590.21,590.21,área da unidade negociada em condomínio
31307,TERRENO EM CONDOMINIO HORIZONTAL FECHADO,487200.89,590.47,590.47,área da unidade negociada em condomínio
31369,TERRENO EM CONDOMINIO HORIZONTAL FECHADO,4822.05,165.77,165.77,área da unidade negociada em condomínio
31738,TERRENO EM CONDOMINIO HORIZONTAL FECHADO,25258.11,234.37,234.37,área da unidade negociada em condomínio
32295,TERRENO EM CONDOMINIO HORIZONTAL FECHADO,865201.8,570.23,570.23,área da unidade negociada em condomínio
32314,TERRENO EM CONDOMINIO HORIZONTAL FECHADO,1426987.0,1069.36,1069.36,área da unidade negociada em condomínio
32342,TERRENO EM CONDOMINIO HORIZONTAL FECHADO,487200.89,533.55,533.55,área da unidade negociada em condomínio
32367,TERRENO EM CONDOMINIO HORIZONTAL FECHADO,865201.8,472.5,472.5,área da unidade negociada em condomínio
32392,TERRENO EM CONDOMINIO HORIZONTAL FECHADO,13501.82,335.64,335.64,área da unidade negociada em condomínio
32496,TERRENO EM CONDOMINIO HORIZONTAL FECHADO,487200.89,549.12,549.12,área da unidade negociada em condomínio
32613,TERRENO EM CONDOMINIO HORIZONTAL FECHADO,13501.82,335.64,335.64,área da unidade negociada em condomínio
33095,TERRENO EM CONDOMINIO HORIZONTAL FECHADO,487200.89,718.49,718.49,área da unidade negociada em condomínio
33446,TERRENO EM CONDOMINIO HORIZONTAL FECHADO,34403.35,232.91,232.91,área da unidade negociada em condomínio
33688,TERRENO EM CONDOMINIO HORIZONTAL FECHADO,34403.35,247.88,247.88,área da unidade negociada em condomínio
33692,TERRENO EM CONDOMINIO HORIZONTAL FECHADO,34403.35,247.88,247.88,área da unidade negociada em condomínio
33714,TERRENO EM CONDOMINIO HORIZONTAL FECHADO,1426987.0,1069.36,1069.36,área da unidade negociada em condomínio
34154,TERRENO EM CONDOMINIO HORIZONTAL FECHADO,25258.11,234.18,234.18,área da unidade negociada em condomínio
34431,TERRENO EM CONDOMINIO HORIZONTAL FECHADO,487200.89,718.49,718.49,área da unidade negociada em condomínio
34450,TERRENO EM CONDOMINIO HORIZONTAL FECHADO,46180.62,608.86,608.86,área da unidade negociada em condomínio
34612,TERRENO EM CONDOMINIO HORIZONTAL FECHADO,6446.94,97.15,97.15,área da unidade negociada em condomínio
34778,TERRENO EM CONDOMINIO HORIZONTAL FECHADO,14921.05,217.89,217.89,área da unidade negociada em condomínio
35175,TERRENO EM CONDOMINIO HORIZONTAL FECHADO,865201.8,564.43,564.43,área da unidade negociada em condomínio
35486,TERRENO EM CONDOMINIO HORIZONTAL FECHADO,25258.11,0.0,,área da unidade em condomínio ausente
35529,TERRENO EM CONDOMINIO HORIZONTAL FECHADO,34403.35,238.72,238.72,área da unidade negociada em condomínio
36057,TERRENO EM CONDOMINIO HORIZONTAL FECHADO,865201.8,583.48,583.48,área da unidade negociada em condomínio
36302,TERRENO EM CONDOMINIO HORIZONTAL FECHADO,487200.89,1658.8,1658.8,área da unidade negociada em condomínio
36317,TERRENO EM CONDOMINIO HORIZONTAL FECHADO,865201.8,583.21,583.21,área da unidade negociada em condomínio
36523,TERRENO EM CONDOMINIO HORIZONTAL FECHADO,13501.82,335.64,335.64,área da unidade negociada em condomínio
36673,TERRENO EM CONDOMINIO HORIZONTAL FECHADO,33677.6,146.65,146.65,área da unidade negociada em condomínio
36936,TERRENO EM CONDOMINIO HORIZONTAL FECHADO,487200.89,533.55,533.55,área da unidade negociada em condomínio
37142,TERRENO EM CONDOMINIO HORIZONTAL FECHADO,487200.89,533.35,533.35,área da unidade negociada em condomínio
37251,TERRENO EM CONDOMINIO HORIZONTAL FECHADO,865201.8,536.17,536.17,área da unidade negociada em condomínio
37363,TERRENO EM CONDOMINIO HORIZONTAL FECHADO,19948.88,204.88,204.88,área da unidade negociada em condomínio
37395,TERRENO EM CONDOMINIO HORIZONTAL FECHADO,487200.89,508.24,508.24,área da unidade negociada em condomínio
38054,TERRENO EM CONDOMINIO HORIZONTAL FECHADO,4822.05,192.15,192.15,área da unidade negociada em condomínio
38129,TERRENO EM CONDOMINIO HORIZONTAL FECHADO,865201.8,1800.0,1800.0,área da unidade negociada em condomínio
38241,TERRENO EM CONDOMINIO HORIZONTAL FECHADO,19729.0,222.37,222.37,área da unidade negociada em condomínio
38654,TERRENO EM CONDOMINIO HORIZONTAL FECHADO,865201.8,536.17,536.17,área da unidade negociada em condomínio
38757,TERRENO EM CONDOMINIO HORIZONTAL FECHADO,45350.0,112.7,112.7,área da unidade negociada em condomínio
40112,TERRENO EM CONDOMINIO HORIZONTAL FECHADO,21400.0,30690.0,30690.0,área da unidade negociada em condomínio
41210,TERRENO EM CONDOMINIO HORIZONTAL FECHADO,44454.0,203.41,203.41,área da unidade negociada em condomínio
41466,TERRENO EM CONDOMINIO HORIZONTAL FECHADO,487200.89,1302.93,1302.93,área da unidade negociada em condomínio
42101,TERRENO EM CONDOMINIO HORIZONTAL FECHADO,487200.89,586.27,586.27,área da unidade negociada em condomínio
43076,TERRENOS CONDOMINIO HORIZ ABERTO SEM AREA USO COMUM,672.0,0.0,,área da unidade em condomínio ausente
43367,TERRENO EM CONDOMINIO HORIZONTAL FECHADO,19948.88,204.88,204.88,área da unidade negociada em condomínio
43387,TERRENOS CONDOMINIO HORIZ ABERTO SEM AREA USO COMUM,1374.22,126.19,126.19,área da unidade negociada em condomínio
43733,TERRENO EM CONDOMINIO HORIZONTAL FECHADO,487200.89,536.25,536.25,área da unidade negociada em condomínio
43908,TERRENO EM CONDOMINIO HORIZONTAL FECHADO,487200.89,561.49,561.49,área da unidade negociada em condomínio
44276,TERRENO EM CONDOMINIO HORIZONTAL FECHADO,34403.35,242.23,242.23,área da unidade negociada em condomínio
44712,TERRENO EM CONDOMINIO HORIZONTAL ABERTO,3459.77,248.93,248.93,área da unidade negociada em condomínio
45573,TERRENO EM CONDOMINIO HORIZONTAL FECHADO,11822.89,154.0,154.0,área da unidade negociada em condomínio
46652,TERRENO EM CONDOMINIO HORIZONTAL FECHADO,487200.89,520.0,520.0,área da unidade negociada em condomínio
46917,TERRENO EM CONDOMINIO HORIZONTAL FECHADO,14921.05,220.8,220.8,área da unidade negociada em condomínio
46922,TERRENO EM CONDOMINIO HORIZONTAL FECHADO,34403.35,265.51,265.51,área da unidade negociada em condomínio
47014,TERRENO EM CONDOMINIO HORIZONTAL FECHADO,865201.8,480.87,480.87,área da unidade negociada em condomínio
47604,TERRENO EM CONDOMINIO HORIZONTAL FECHADO,15535.62,137.5,137.5,área da unidade negociada em condomínio
47622,TERRENO EM CONDOMINIO HORIZONTAL FECHADO,8601.11,170.72,170.72,área da unidade negociada em condomínio
47628,TERRENO EM CONDOMINIO HORIZONTAL FECHADO,14057.42,141.32,141.32,área da unidade negociada em condomínio
47633,TERRENO EM CONDOMINIO HORIZONTAL FECHADO,487200.89,684.05,684.05,área da unidade negociada em condomínio
48136,TERRENO EM CONDOMINIO HORIZONTAL FECHADO,487200.89,533.34,533.34,área da unidade negociada em condomínio
48246,TERRENO EM CONDOMINIO HORIZONTAL FECHADO,487200.89,561.49,561.49,área da unidade negociada em condomínio
48673,TERRENO EM CONDOMINIO HORIZONTAL FECHADO,21400.0,30690.0,30690.0,área da unidade negociada em condomínio
49333,TERRENO EM CONDOMINIO HORIZONTAL FECHADO,1426987.0,1047.7,1047.7,área da unidade negociada em condomínio
49334,TERRENO EM CONDOMINIO HORIZONTAL FECHADO,1426987.0,1012.5,1012.5,área da unidade negociada em condomínio
49477,TERRENO EM CONDOMINIO HORIZONTAL FECHADO,34403.35,232.7,232.7,área da unidade negociada em condomínio
49770,TERRENO EM CONDOMINIO HORIZONTAL FECHADO,139122.0,330.0,330.0,área da unidade negociada em condomínio
50205,TERRENO EM CONDOMINIO HORIZONTAL FECHADO,14921.05,217.89,217.89,área da unidade negociada em condomínio
50880,TERRENO EM CONDOMINIO HORIZONTAL FECHADO,865201.8,708.97,708.97,área da unidade negociada em condomínio
51204,TERRENO EM CONDOMINIO HORIZONTAL FECHADO,21400.0,30690.0,30690.0,área da unidade negociada em condomínio
51563,TERRENO EM CONDOMINIO HORIZONTAL FECHADO,14921.05,220.8,220.8,área da unidade negociada em condomínio
51593,TERRENO EM CONDOMINIO HORIZONTAL FECHADO,16484.37,122.38,122.38,área da unidade negociada em condomínio
51803,TERRENO EM CONDOMINIO HORIZONTAL FECHADO,19948.88,204.88,204.88,área da unidade negociada em condomínio
52128,TERRENO EM CONDOMINIO HORIZONTAL FECHADO,21400.0,30690.0,30690.0,área da unidade negociada em condomínio
52242,TERRENO EM CONDOMINIO HORIZONTAL FECHADO,8601.11,177.07,177.07,área da unidade negociada em condomínio
52856,TERRENO EM CONDOMINIO HORIZONTAL FECHADO,487200.89,588.87,588.87,área da unidade negociada em condomínio
52953,TERRENO EM CONDOMINIO HORIZONTAL FECHADO,16484.37,96.6,96.6,área da unidade negociada em condomínio
54598,TERRENO EM CONDOMINIO HORIZONTAL FECHADO,865201.8,1576.85,1576.85,área da unidade negociada em condomínio
54736,TERRENO EM CONDOMINIO HORIZONTAL FECHADO,34403.35,265.51,265.51,área da unidade negociada em condomínio
55056,TERRENO EM CONDOMINIO HORIZONTAL FECHADO,34403.35,265.51,265.51,área da unidade negociada em condomínio
55921,TERRENO EM CONDOMINIO HORIZONTAL FECHADO,487200.89,1678.98,1678.98,área da unidade negociada em condomínio
56040,TERRENO EM CONDOMINIO HORIZONTAL FECHADO,5643.0,292.4,292.4,área da unidade negociada em condomínio
56504,TERRENO EM CONDOMINIO HORIZONTAL FECHADO,5643.0,292.4,292.4,área da unidade negociada em condomínio
57562,TERRENO EM CONDOMINIO HORIZONTAL FECHADO,865201.8,484.91,484.91,área da unidade negociada em condomínio
58090,TERRENO EM CONDOMINIO HORIZONTAL FECHADO,9093.0,105.53,105.53,área da unidade negociada em condomínio
58091,TERRENO EM CONDOMINIO HORIZONTAL FECHADO,9093.0,105.33,105.33,área da unidade negociada em condomínio
58093,TERRENO EM CONDOMINIO HORIZONTAL FECHADO,9093.0,105.53,105.53,área da unidade negociada em condomínio
58095,TERRENO EM CONDOMINIO HORIZONTAL FECHADO,9093.0,105.53,105.53,área da unidade negociada em condomínio
58516,TERRENO EM CONDOMINIO HORIZONTAL FECHADO,865201.8,925.7,925.7,área da unidade negociada em condomínio
58753,TERRENO EM CONDOMINIO HORIZONTAL FECHADO,34403.35,492.35,492.35,área da unidade negociada em condomínio
58942,TERRENOS CONDOMINIO HORIZ ABERTO SEM AREA USO COMUM,5760.0,28660.0,28660.0,área da unidade negociada em condomínio
59048,TERRENO EM CONDOMINIO HORIZONTAL FECHADO,16484.37,148.65,148.65,área da unidade negociada em condomínio
59049,TERRENO EM CONDOMINIO HORIZONTAL FECHADO,16484.37,148.82,148.82,área da unidade negociada em condomínio
59136,TERRENO EM CONDOMINIO HORIZONTAL FECHADO,34403.35,232.38,232.38,área da unidade negociada em condomínio
59305,TERRENO EM CONDOMINIO HORIZONTAL FECHADO,30761.63,154.0,154.0,área da unidade negociada em condomínio
59588,TERRENO EM CONDOMINIO HORIZONTAL FECHADO,865201.8,2266.98,2266.98,área da unidade negociada em condomínio
59927,TERRENO EM CONDOMINIO HORIZONTAL FECHADO,865201.8,704.08,704.08,área da unidade negociada em condomínio
60850,TERRENO EM CONDOMINIO HORIZONTAL FECHADO,487200.89,2410.93,2410.93,área da unidade negociada em condomínio
61013,TERRENO EM CONDOMINIO HORIZONTAL FECHADO,13501.82,466.15,466.15,área da unidade negociada em condomínio
61023,TERRENO EM CONDOMINIO HORIZONTAL FECHADO,19729.0,254.19,254.19,área da unidade negociada em condomínio
61296,TERRENO EM CONDOMINIO HORIZONTAL FECHADO,6958.0,164.23,164.23,área da unidade negociada em condomínio
61437,TERRENO EM CONDOMINIO HORIZONTAL ABERTO,5069.64,96.64,96.64,área da unidade negociada em condomínio
61438,TERRENO EM CONDOMINIO HORIZONTAL ABERTO,5069.64,96.86,96.86,área da unidade negociada em condomínio
61439,TERRENO EM CONDOMINIO HORIZONTAL ABERTO,5069.64,96.86,96.86,área da unidade negociada em condomínio
61609,TERRENO EM CONDOMINIO HORIZONTAL FECHADO,1426987.0,500.0,500.0,área da unidade negociada em condomínio
61613,TERRENO EM CONDOMINIO HORIZONTAL FECHADO,6958.0,164.23,164.23,área da unidade negociada em condomínio
62149,TERRENO EM CONDOMINIO HORIZONTAL FECHADO,865201.8,887.79,887.79,área da unidade negociada em condomínio
63111,TERRENO EM CONDOMINIO HORIZONTAL FECHADO,487200.89,549.12,549.12,área da unidade negociada em condomínio
63124,TERRENO EM CONDOMINIO HORIZONTAL FECHADO,14921.05,281.98,281.98,área da unidade negociada em condomínio
63768,TERRENO EM CONDOMINIO HORIZONTAL FECHADO,69568.0,500.0,500.0,área da unidade negociada em condomínio
64075,TERRENO EM CONDOMINIO HORIZONTAL FECHADO,25258.11,0.0,,área da unidade em condomínio ausente
64346,TERRENO EM CONDOMINIO HORIZONTAL FECHADO,19948.88,204.88,204.88,área da unidade negociada em condomínio
64417,TERRENO EM CONDOMINIO HORIZONTAL FECHADO,487200.89,536.25,536.25,área da unidade negociada em condomínio
64896,TERRENO EM CONDOMINIO HORIZONTAL FECHADO,34403.35,232.38,232.38,área da unidade negociada em condomínio
65197,TERRENO EM CONDOMINIO HORIZONTAL FECHADO,16484.37,144.63,144.63,área da unidade negociada em condomínio
65756,TERRENO EM CONDOMINIO HORIZONTAL FECHADO,281262.0,885.28,885.28,área da unidade negociada em condomínio
65763,TERRENO EM CONDOMINIO HORIZONTAL FECHADO,281262.0,885.28,885.28,área da unidade negociada em condomínio
65981,TERRENO EM CONDOMINIO HORIZONTAL FECHADO,865201.8,564.53,564.53,área da unidade negociada em condomínio
66123,TERRENO EM CONDOMINIO HORIZONTAL FECHADO,19948.88,204.88,204.88,área da unidade negociada em condomínio
66858,TERRENO EM CONDOMINIO HORIZONTAL FECHADO,30761.63,154.0,154.0,área da unidade negociada em condomínio
66859,TERRENO EM CONDOMINIO HORIZONTAL FECHADO,30761.63,154.0,154.0,área da unidade negociada em condomínio
66863,TERRENO EM CONDOMINIO HORIZONTAL FECHADO,19948.88,218.54,218.54,área da unidade negociada em condomínio
66865,TERRENO EM CONDOMINIO HORIZONTAL FECHADO,19948.88,204.88,204.88,área da unidade negociada em condomínio
66868,TERRENO EM CONDOMINIO HORIZONTAL FECHADO,19948.88,204.88,204.88,área da unidade negociada em condomínio
66869,TERRENO EM CONDOMINIO HORIZONTAL FECHADO,19948.88,218.54,218.54,área da unidade negociada em condomínio
66871,TERRENO EM CONDOMINIO HORIZONTAL FECHADO,281262.0,885.28,885.28,área da unidade negociada em condomínio
66872,TERRENO EM CONDOMINIO HORIZONTAL FECHADO,281262.0,885.28,885.28,área da unidade negociada em condomínio
66878,TERRENO EM CONDOMINIO HORIZONTAL FECHADO,30761.63,154.0,154.0,área da unidade negociada em condomínio
67091,TERRENO EM CONDOMINIO HORIZONTAL FECHADO,34403.35,268.53,268.53,área da unidade negociada em condomínio
67368,TERRENO EM CONDOMINIO HORIZONTAL FECHADO,69568.0,500.0,500.0,área da unidade negociada em condomínio
67540,TERRENO EM CONDOMINIO HORIZONTAL FECHADO,69568.0,500.0,500.0,área da unidade negociada em condomínio
67546,TERRENO EM CONDOMINIO HORIZONTAL FECHADO,1426987.0,1000.0,1000.0,área da unidade negociada em condomínio
68983,TERRENO EM CONDOMINIO HORIZONTAL FECHADO,865201.8,559.1,559.1,área da unidade negociada em condomínio
69537,TERRENO EM CONDOMINIO HORIZONTAL FECHADO,14921.05,275.98,275.98,área da unidade negociada em condomínio
69566,TERRENO EM CONDOMINIO HORIZONTAL FECHADO,6958.0,202.61,202.61,área da unidade negociada em condomínio
69703,TERRENO EM CONDOMINIO HORIZONTAL FECHADO,14921.05,206.99,206.99,área da unidade negociada em condomínio
70229,TERRENO EM CONDOMINIO HORIZONTAL FECHADO,6890.0,,,área da unidade em condomínio ausente
70332,TERRENO EM CONDOMINIO HORIZONTAL FECHADO,14921.05,220.8,220.8,área da unidade negociada em condomínio
71449,TERRENO EM CONDOMINIO HORIZONTAL FECHADO,16484.37,162.83,162.83,área da unidade negociada em condomínio
71463,TERRENO EM CONDOMINIO HORIZONTAL ABERTO,5069.64,145.18,145.18,área da unidade negociada em condomínio
71642,TERRENO EM CONDOMINIO HORIZONTAL FECHADO,1426987.0,500.0,500.0,área da unidade negociada em condomínio
72086,TERRENO EM CONDOMINIO HORIZONTAL FECHADO,34403.35,232.38,232.38,área da unidade negociada em condomínio
72296,TERRENO EM CONDOMINIO HORIZONTAL FECHADO,89985.0,320.0,320.0,área da unidade negociada em condomínio
72556,TERRENO EM CONDOMINIO HORIZONTAL FECHADO,13501.82,448.08,448.08,área da unidade negociada em condomínio
72735,TERRENO EM CONDOMINIO HORIZONTAL FECHADO,865201.8,1543.18,1543.18,área da unidade negociada em condomínio
72840,TERRENO EM CONDOMINIO HORIZONTAL FECHADO,89985.0,320.0,320.0,área da unidade negociada em condomínio
73489,TERRENO EM CONDOMINIO HORIZONTAL FECHADO,19948.88,142.5,142.5,área da unidade negociada em condomínio
73493,TERRENO EM CONDOMINIO HORIZONTAL FECHADO,89985.0,320.0,320.0,área da unidade negociada em condomínio
73611,TERRENO EM CONDOMINIO HORIZONTAL FECHADO,865201.8,484.92,484.92,área da unidade negociada em condomínio
73650,TERRENO EM CONDOMINIO HORIZONTAL FECHADO,19729.0,0.0,,área da unidade em condomínio ausente
73653,TERRENO EM CONDOMINIO HORIZONTAL FECHADO,19729.0,0.0,,área da unidade em condomínio ausente
73756,TERRENO EM CONDOMINIO HORIZONTAL FECHADO,865201.8,611.9,611.9,área da unidade negociada em condomínio
73814,TERRENO EM CONDOMINIO HORIZONTAL FECHADO,487200.89,548.04,548.04,área da unidade negociada em condomínio
73938,TERRENO EM CONDOMINIO HORIZONTAL FECHADO,15535.62,130.0,130.0,área da unidade negociada em condomínio
74787,TERRENO EM CONDOMINIO HORIZONTAL FECHADO,13501.82,448.08,448.08,área da unidade negociada em condomínio
74834,TERRENO EM CONDOMINIO HORIZONTAL FECHADO,13501.82,448.08,448.08,área da unidade negociada em condomínio
76133,TERRENO EM CONDOMINIO HORIZONTAL FECHADO,18544.69,188.37,188.37,área da unidade negociada em condomínio
76321,TERRENO EM CONDOMINIO HORIZONTAL FECHADO,34403.35,232.91,232.91,área da unidade negociada em condomínio
76462,TERRENO EM CONDOMINIO HORIZONTAL FECHADO,13501.82,448.08,448.08,área da unidade negociada em condomínio
76509,TERRENO EM CONDOMINIO HORIZONTAL FECHADO,19948.88,204.88,204.88,área da unidade negociada em condomínio
76913,TERRENO EM CONDOMINIO HORIZONTAL FECHADO,865201.8,569.18,569.18,área da unidade negociada em condomínio
77496,TERRENO EM CONDOMINIO HORIZONTAL FECHADO,865201.8,518.79,518.79,área da unidade negociada em condomínio
77695,TERRENO EM CONDOMINIO HORIZONTAL FECHADO,13501.82,334.47,334.47,área da unidade negociada em condomínio
77924,TERRENO EM CONDOMINIO HORIZONTAL FECHADO,865201.8,1542.03,1542.03,área da unidade negociada em condomínio
77926,TERRENO EM CONDOMINIO HORIZONTAL FECHADO,865201.8,1543.03,1543.03,área da unidade negociada em condomínio
77981,TERRENO EM CONDOMINIO HORIZONTAL FECHADO,1426987.0,597.18,597.18,área da unidade negociada em condomínio
78010,TERRENO EM CONDOMINIO HORIZONTAL FECHADO,1426987.0,1080.46,1080.46,área da unidade negociada em condomínio
78218,TERRENO EM CONDOMINIO HORIZONTAL FECHADO,9891.0,266.31,266.31,área da unidade negociada em condomínio
78228,TERRENO EM CONDOMINIO HORIZONTAL FECHADO,14921.05,220.8,220.8,área da unidade negociada em condomínio
78560,TERRENO EM CONDOMINIO HORIZONTAL FECHADO,1426987.0,1047.7,1047.7,área da unidade negociada em condomínio
78706,TERRENO EM CONDOMINIO HORIZONTAL FECHADO,18381.0,140.21,140.21,área da unidade negociada em condomínio
78951,TERRENO EM CONDOMINIO HORIZONTAL FECHADO,865201.8,1438.85,1438.85,área da unidade negociada em condomínio
78996,TERRENO EM CONDOMINIO HORIZONTAL FECHADO,487200.89,508.85,508.85,área da unidade negociada em condomínio
79164,TERRENO EM CONDOMINIO HORIZONTAL FECHADO,25258.11,161.0,161.0,área da unidade negociada em condomínio
79285,TERRENO EM CONDOMINIO HORIZONTAL FECHADO,25258.11,234.18,234.18,área da unidade negociada em condomínio
79522,TERRENO EM CONDOMINIO HORIZONTAL FECHADO,865201.8,1543.03,1543.03,área da unidade negociada em condomínio
79606,TERRENO EM CONDOMINIO HORIZONTAL FECHADO,281262.0,885.28,885.28,área da unidade negociada em condomínio
79736,TERRENO EM CONDOMINIO HORIZONTAL FECHADO,13501.82,334.47,334.47,área da unidade negociada em condomínio
79776,TERRENO EM CONDOMINIO HORIZONTAL FECHADO,21706.54,559.93,559.93,área da unidade negociada em condomínio
79777,TERRENO EM CONDOMINIO HORIZONTAL FECHADO,13501.82,425.8,425.8,área da unidade negociada em condomínio
80387,TERRENO EM CONDOMINIO HORIZONTAL FECHADO,487200.89,508.85,508.85,área da unidade negociada em condomínio
80935,TERRENO EM CONDOMINIO HORIZONTAL FECHADO,15535.62,140.5,140.5,área da unidade negociada em condomínio
80939,TERRENO EM CONDOMINIO HORIZONTAL FECHADO,16484.37,162.94,162.94,área da unidade negociada em condomínio
80953,TERRENO EM CONDOMINIO HORIZONTAL FECHADO,16484.37,122.38,122.38,área da unidade negociada em condomínio
81122,TERRENO EM CONDOMINIO HORIZONTAL FECHADO,6958.0,191.49,191.49,área da unidade negociada em condomínio
81753,TERRENO EM CONDOMINIO HORIZONTAL FECHADO,865201.8,576.71,576.71,área da unidade negociada em condomínio
81768,TERRENO EM CONDOMINIO HORIZONTAL FECHADO,865201.8,555.87,555.87,área da unidade negociada em condomínio
81841,TERRENO EM CONDOMINIO HORIZONTAL FECHADO,865201.8,540.8,540.8,área da unidade negociada em condomínio
82029,TERRENO EM CONDOMINIO HORIZONTAL FECHADO,865201.8,1573.9,1573.9,área da unidade negociada em condomínio
82030,TERRENO EM CONDOMINIO HORIZONTAL FECHADO,865201.8,1456.21,1456.21,área da unidade negociada em condomínio
82104,TERRENO EM CONDOMINIO HORIZONTAL FECHADO,6958.0,191.49,191.49,área da unidade negociada em condomínio
82448,TERRENO EM CONDOMINIO HORIZONTAL FECHADO,487200.89,508.85,508.85,área da unidade negociada em condomínio
82488,TERRENO EM CONDOMINIO HORIZONTAL FECHADO,865201.8,555.87,555.87,área da unidade negociada em condomínio
82611,TERRENO EM CONDOMINIO HORIZONTAL FECHADO,34403.35,379.92,379.92,área da unidade negociada em condomínio
82636,TERRENO EM CONDOMINIO HORIZONTAL FECHADO,44454.0,299.83,299.83,área da unidade negociada em condomínio
83078,TERRENOS CONDOMINIO HORIZ ABERTO SEM AREA USO COMUM,454.15,144.6,144.6,área da unidade negociada em condomínio
84095,TERRENO EM CONDOMINIO HORIZONTAL FECHADO,19948.88,204.88,204.88,área da unidade negociada em condomínio
84472,TERRENO EM CONDOMINIO HORIZONTAL FECHADO,19948.88,218.54,218.54,área da unidade negociada em condomínio
85560,TERRENO EM CONDOMINIO HORIZONTAL FECHADO,34403.35,232.91,232.91,área da unidade negociada em condomínio
85561,TERRENO EM CONDOMINIO HORIZONTAL FECHADO,16484.37,122.38,122.38,área da unidade negociada em condomínio
85563,TERRENO EM CONDOMINIO HORIZONTAL FECHADO,34403.35,171.0,171.0,área da unidade negociada em condomínio
85565,TERRENO EM CONDOMINIO HORIZONTAL FECHADO,34403.35,265.51,265.51,área da unidade negociada em condomínio
85725,TERRENO EM CONDOMINIO HORIZONTAL FECHADO,865201.8,1483.35,1483.35,área da unidade negociada em condomínio
86024,TERRENO EM CONDOMINIO HORIZONTAL FECHADO,487200.89,508.24,508.24,área da unidade negociada em condomínio
86025,TERRENO EM CONDOMINIO HORIZONTAL FECHADO,487200.89,508.24,508.24,área da unidade negociada em condomínio
86234,TERRENO EM CONDOMINIO HORIZONTAL ABERTO,5069.64,111.86,111.86,área da unidade negociada em condomínio
86432,TERRENO EM CONDOMINIO HORIZONTAL FECHADO,15535.62,130.0,130.0,área da unidade negociada em condomínio
86435,TERRENO EM CONDOMINIO HORIZONTAL FECHADO,30761.63,154.0,154.0,área da unidade negociada em condomínio
86436,TERRENO EM CONDOMINIO HORIZONTAL FECHADO,30761.63,154.0,154.0,área da unidade negociada em condomínio
86437,TERRENO EM CONDOMINIO HORIZONTAL FECHADO,30761.63,154.0,154.0,área da unidade negociada em condomínio
86556,TERRENO EM CONDOMINIO HORIZONTAL FECHADO,9093.0,181.67,181.67,área da unidade negociada em condomínio
86639,TERRENO EM CONDOMINIO HORIZONTAL FECHADO,9093.0,105.53,105.53,área da unidade negociada em condomínio
86640,TERRENO EM CONDOMINIO HORIZONTAL FECHADO,9093.0,105.53,105.53,área da unidade negociada em condomínio
86641,TERRENO EM CONDOMINIO HORIZONTAL FECHADO,9093.0,105.53,105.53,área da unidade negociada em condomínio
86649,TERRENO EM CONDOMINIO HORIZONTAL FECHADO,9093.0,105.53,105.53,área da unidade negociada em condomínio
86731,TERRENO EM CONDOMINIO HORIZONTAL FECHADO,139122.0,330.0,330.0,área da unidade negociada em condomínio
87307,TERRENO EM CONDOMINIO HORIZONTAL ABERTO,5069.64,112.11,112.11,área da unidade negociada em condomínio
87309,TERRENO EM CONDOMINIO HORIZONTAL ABERTO,5069.64,112.11,112.11,área da unidade negociada em condomínio
89608,TERRENO EM CONDOMINIO HORIZONTAL FECHADO,44454.0,203.41,203.41,área da unidade negociada em condomínio
90930,TERRENO EM CONDOMINIO HORIZONTAL FECHADO,865201.8,576.71,576.71,área da unidade negociada em condomínio
90992,TERRENO EM CONDOMINIO HORIZONTAL FECHADO,34403.35,232.38,232.38,área da unidade negociada em condomínio
91346,TERRENO EM CONDOMINIO HORIZONTAL FECHADO,487200.89,720.17,720.17,área da unidade negociada em condomínio
91457,TERRENO EM CONDOMINIO HORIZONTAL FECHADO,14921.05,217.88,217.88,área da unidade negociada em condomínio
92085,TERRENO EM CONDOMINIO HORIZONTAL FECHADO,487200.89,508.85,508.85,área da unidade negociada em condomínio
93313,TERRENO EM CONDOMINIO HORIZONTAL FECHADO,865201.8,552.18,552.18,área da unidade negociada em condomínio
93730,TERRENO EM CONDOMINIO HORIZONTAL FECHADO,44454.0,203.41,203.41,área da unidade negociada em condomínio
94173,TERRENO EM CONDOMINIO HORIZONTAL FECHADO,19948.88,273.18,273.18,área da unidade negociada em condomínio
94177,TERRENO EM CONDOMINIO HORIZONTAL FECHADO,14921.05,262.18,262.18,área da unidade negociada em condomínio
94262,TERRENO EM CONDOMINIO HORIZONTAL FECHADO,19948.88,218.54,218.54,área da unidade negociada em condomínio
94848,TERRENOS CONDOMINIO HORIZ ABERTO SEM AREA USO COMUM,1374.22,126.19,126.19,área da unidade negociada em condomínio
95118,TERRENO EM CONDOMINIO HORIZONTAL FECHADO,34403.35,288.19,288.19,área da unidade negociada em condomínio
95498,TERRENO EM CONDOMINIO HORIZONTAL FECHADO,487200.89,489.27,489.27,área da unidade negociada em condomínio
95777,TERRENO EM CONDOMINIO HORIZONTAL FECHADO,44454.0,286.63,286.63,área da unidade negociada em condomínio
95808,TERRENO EM CONDOMINIO HORIZONTAL FECHADO,44454.0,286.63,286.63,área da unidade negociada em condomínio
96077,TERRENO EM CONDOMINIO HORIZONTAL FECHADO,18544.69,196.0,196.0,área da unidade negociada em condomínio
96172,TERRENO EM CONDOMINIO HORIZONTAL FECHADO,44454.0,204.77,204.77,área da unidade negociada em condomínio
96321,TERRENO EM CONDOMINIO HORIZONTAL FECHADO,16484.37,122.38,122.38,área da unidade negociada em condomínio
96603,TERRENO EM CONDOMINIO HORIZONTAL FECHADO,865201.8,583.94,583.94,área da unidade negociada em condomínio
96683,TERRENO EM CONDOMINIO HORIZONTAL FECHADO,9891.0,230.64,230.64,área da unidade negociada em condomínio
97402,TERRENO EM CONDOMINIO HORIZONTAL FECHADO,14921.05,756.44,756.44,área da unidade negociada em condomínio
97836,TERRENO EM CONDOMINIO HORIZONTAL FECHADO,14921.05,220.8,220.8,área da unidade negociada em condomínio
97880,TERRENO EM CONDOMINIO HORIZONTAL FECHADO,865201.8,1378.88,1378.88,área da unidade negociada em condomínio
98086,TERRENO EM CONDOMINIO HORIZONTAL FECHADO,865201.8,554.02,554.02,área da unidade negociada em condomínio
98110,TERRENO EM CONDOMINIO HORIZONTAL FECHADO,16484.37,110.0,110.0,área da unidade negociada em condomínio
98501,TERRENO EM CONDOMINIO HORIZONTAL FECHADO,865201.8,583.94,583.94,área da unidade negociada em condomínio
98693,TERRENO EM CONDOMINIO HORIZONTAL FECHADO,45350.0,112.69,112.69,área da unidade negociada em condomínio
98694,TERRENO EM CONDOMINIO HORIZONTAL FECHADO,2872.3,177.8,177.8,área da unidade negociada em condomínio
98751,TERRENO EM CONDOMINIO HORIZONTAL FECHADO,865201.8,1419.04,1419.04,área da unidade negociada em condomínio
99277,TERRENO EM CONDOMINIO HORIZONTAL FECHADO,865201.8,1419.04,1419.04,área da unidade negociada em condomínio
99454,TERRENO EM CONDOMINIO HORIZONTAL FECHADO,14057.42,142.61,142.61,área da unidade negociada em condomínio
99570,TERRENO EM CONDOMINIO HORIZONTAL FECHADO,865201.8,552.18,552.18,área da unidade negociada em condomínio
99779,TERRENO EM CONDOMINIO HORIZONTAL FECHADO,865201.8,559.1,559.1,área da unidade negociada em condomínio
99780,TERRENO EM CONDOMINIO HORIZONTAL FECHADO,16484.37,166.2,166.2,área da unidade negociada em condomínio
100018,TERRENO EM CONDOMINIO HORIZONTAL FECHADO,14057.42,142.61,142.61,área da unidade negociada em condomínio
100356,TERRENO EM CONDOMINIO HORIZONTAL FECHADO,14057.42,142.61,142.61,área da unidade negociada em condomínio
100500,TERRENO EM CONDOMINIO HORIZONTAL FECHADO,2872.3,177.8,177.8,área da unidade negociada em condomínio
101067,TERRENO EM CONDOMINIO HORIZONTAL FECHADO,14057.42,142.61,142.61,área da unidade negociada em condomínio
101088,TERRENO EM CONDOMINIO HORIZONTAL FECHADO,865201.8,598.71,598.71,área da unidade negociada em condomínio
101364,TERRENO EM CONDOMINIO HORIZONTAL FECHADO,2872.3,177.8,177.8,área da unidade negociada em condomínio
102074,TERRENO EM CONDOMINIO HORIZONTAL FECHADO,1426987.0,500.0,500.0,área da unidade negociada em condomínio
102400,TERRENO EM CONDOMINIO HORIZONTAL FECHADO,865201.8,905.11,905.11,área da unidade negociada em condomínio
103185,TERRENO EM CONDOMINIO HORIZONTAL FECHADO,34403.35,321.55,321.55,área da unidade negociada em condomínio
104494,TERRENO EM CONDOMINIO HORIZONTAL FECHADO,1426987.0,1012.5,1012.5,área da unidade negociada em condomínio
105251,TERRENO EM CONDOMINIO HORIZONTAL FECHADO,6958.0,191.48,191.48,área da unidade negociada em condomínio
105353,TERRENO EM CONDOMINIO HORIZONTAL FECHADO,34403.35,232.38,232.38,área da unidade negociada em condomínio
105681,TERRENO EM CONDOMINIO HORIZONTAL FECHADO,34403.35,232.38,232.38,área da unidade negociada em condomínio
105682,TERRENO EM CONDOMINIO HORIZONTAL FECHADO,34403.35,321.55,321.55,área da unidade negociada em condomínio
105886,TERRENO EM CONDOMINIO HORIZONTAL FECHADO,14921.05,217.89,217.89,área da unidade negociada em condomínio
106644,TERRENO EM CONDOMINIO HORIZONTAL FECHADO,14921.05,275.98,275.98,área da unidade negociada em condomínio
106657,TERRENO EM CONDOMINIO HORIZONTAL FECHADO,14921.05,217.89,217.89,área da unidade negociada em condomínio
106798,TERRENO EM CONDOMINIO HORIZONTAL FECHADO,865201.8,905.11,905.11,área da unidade negociada em condomínio
107048,TERRENO EM CONDOMINIO HORIZONTAL FECHADO,13501.82,377.16,377.16,área da unidade negociada em condomínio
107241,TERRENO EM CONDOMINIO HORIZONTAL FECHADO,6958.0,202.35,202.35,área da unidade negociada em condomínio
107434,TERRENO EM CONDOMINIO HORIZONTAL FECHADO,34403.35,265.51,265.51,área da unidade negociada em condomínio
107466,TERRENO EM CONDOMINIO HORIZONTAL FECHADO,487200.89,661.04,661.04,área da unidade negociada em condomínio
107472,TERRENO EM CONDOMINIO HORIZONTAL FECHADO,14921.05,220.8,220.8,área da unidade negociada em condomínio
108173,TERRENO EM CONDOMINIO HORIZONTAL FECHADO,34403.35,171.0,171.0,área da unidade negociada em condomínio
108296,TERRENO EM CONDOMINIO HORIZONTAL FECHADO,13501.82,202.36,202.36,área da unidade negociada em condomínio
108365,TERRENO EM CONDOMINIO HORIZONTAL FECHADO,8768.0,0.0,,área da unidade em condomínio ausente
108369,TERRENO EM CONDOMINIO HORIZONTAL FECHADO,865201.8,565.08,565.08,área da unidade negociada em condomínio
108478,TERRENO EM CONDOMINIO HORIZONTAL FECHADO,16484.37,110.0,110.0,área da unidade negociada em condomínio
108883,TERRENO EM CONDOMINIO HORIZONTAL FECHADO,1426987.0,1007.44,1007.44,área da unidade negociada em condomínio
108947,TERRENO EM CONDOMINIO HORIZONTAL FECHADO,865201.8,572.45,572.45,área da unidade negociada em condomínio
108948,TERRENO EM CONDOMINIO HORIZONTAL FECHADO,865201.8,566.24,566.24,área da unidade negociada em condomínio
109024,TERRENO EM CONDOMINIO HORIZONTAL FECHADO,34403.35,238.04,238.04,área da unidade negociada em condomínio
109179,TERRENO EM CONDOMINIO HORIZONTAL FECHADO,19948.88,204.88,204.88,área da unidade negociada em condomínio
109182,TERRENO EM CONDOMINIO HORIZONTAL FECHADO,14921.05,206.99,206.99,área da unidade negociada em condomínio
109953,TERRENO EM CONDOMINIO HORIZONTAL FECHADO,16484.37,110.0,110.0,área da unidade negociada em condomínio
110151,TERRENO EM CONDOMINIO HORIZONTAL FECHADO,1426987.0,1000.0,1000.0,área da unidade negociada em condomínio
110440,TERRENO EM CONDOMINIO HORIZONTAL FECHADO,21706.54,856.21,856.21,área da unidade negociada em condomínio
111125,TERRENO EM CONDOMINIO HORIZONTAL FECHADO,865201.8,512.45,512.45,área da unidade negociada em condomínio
111126,TERRENO EM CONDOMINIO HORIZONTAL FECHADO,865201.8,541.14,541.14,área da unidade negociada em condomínio
111132,TERRENO EM CONDOMINIO HORIZONTAL FECHADO,19948.88,204.88,204.88,área da unidade negociada em condomínio
111795,TERRENO EM CONDOMINIO HORIZONTAL FECHADO,16484.37,110.0,110.0,área da unidade negociada em condomínio
112073,TERRENO EM CONDOMINIO HORIZONTAL FECHADO,16484.37,97.0,97.0,área da unidade negociada em condomínio
112221,TERRENO EM CONDOMINIO HORIZONTAL FECHADO,9891.0,272.54,272.54,área da unidade negociada em condomínio
112283,TERRENO EM CONDOMINIO HORIZONTAL FECHADO,7085.42,246.86,246.86,área da unidade negociada em condomínio
112574,TERRENO EM CONDOMINIO HORIZONTAL FECHADO,19948.88,397.06,397.06,área da unidade negociada em condomínio
112590,TERRENO EM CONDOMINIO HORIZONTAL FECHADO,34403.35,275.84,275.84,área da unidade negociada em condomínio
112871,TERRENO EM CONDOMINIO HORIZONTAL FECHADO,20219.0,180.0,180.0,área da unidade negociada em condomínio
113118,TERRENO EM CONDOMINIO HORIZONTAL FECHADO,9891.0,272.54,272.54,área da unidade negociada em condomínio
113417,TERRENO EM CONDOMINIO HORIZONTAL FECHADO,44454.0,203.41,203.41,área da unidade negociada em condomínio
113460,TERRENO EM CONDOMINIO HORIZONTAL FECHADO,19948.88,397.06,397.06,área da unidade negociada em condomínio
114153,TERRENO EM CONDOMINIO HORIZONTAL FECHADO,30761.63,154.0,154.0,área da unidade negociada em condomínio
114765,TERRENO EM CONDOMINIO HORIZONTAL FECHADO,21706.54,856.21,856.21,área da unidade negociada em condomínio
115150,TERRENO EM CONDOMINIO HORIZONTAL FECHADO,6958.0,191.49,191.49,área da unidade negociada em condomínio
115171,TERRENO EM CONDOMINIO HORIZONTAL FECHADO,6958.0,191.49,191.49,área da unidade negociada em condomínio
115391,TERRENO EM CONDOMINIO HORIZONTAL FECHADO,44454.0,190.14,190.14,área da unidade negociada em condomínio
115522,TERRENO EM CONDOMINIO HORIZONTAL FECHADO,16484.37,110.0,110.0,área da unidade negociada em condomínio
115757,TERRENO EM CONDOMINIO HORIZONTAL FECHADO,19948.88,218.54,218.54,área da unidade negociada em condomínio
115897,TERRENO EM CONDOMINIO HORIZONTAL FECHADO,34403.35,171.0,171.0,área da unidade negociada em condomínio
116067,TERRENO EM CONDOMINIO HORIZONTAL ABERTO,5069.64,147.0,147.0,área da unidade negociada em condomínio
116695,TERRENO EM CONDOMINIO HORIZONTAL FECHADO,865201.8,555.87,555.87,área da unidade negociada em condomínio
116776,TERRENO EM CONDOMINIO HORIZONTAL FECHADO,30761.63,154.0,154.0,área da unidade negociada em condomínio
117011,TERRENO EM CONDOMINIO HORIZONTAL FECHADO,865201.8,611.39,611.39,área da unidade negociada em condomínio
117194,TERRENO EM CONDOMINIO HORIZONTAL FECHADO,19948.88,241.89,241.89,área da unidade negociada em condomínio
117372,TERRENO EM CONDOMINIO HORIZONTAL FECHADO,16484.37,162.55,162.55,área da unidade negociada em condomínio
117385,TERRENO EM CONDOMINIO HORIZONTAL FECHADO,487200.89,525.06,525.06,área da unidade negociada em condomínio
117399,TERRENO EM CONDOMINIO HORIZONTAL FECHADO,6958.0,191.49,191.49,área da unidade negociada em condomínio
118032,TERRENO EM CONDOMINIO HORIZONTAL FECHADO,16484.37,97.0,97.0,área da unidade negociada em condomínio
118695,TERRENO EM CONDOMINIO HORIZONTAL FECHADO,865201.8,483.91,483.91,área da unidade negociada em condomínio
119221,TERRENO EM CONDOMINIO HORIZONTAL FECHADO,1426987.0,1550.45,1550.45,área da unidade negociada em condomínio
120003,TERRENO EM CONDOMINIO HORIZONTAL FECHADO,34403.35,321.55,321.55,área da unidade negociada em condomínio
120111,TERRENO EM CONDOMINIO HORIZONTAL FECHADO,865201.8,1586.7,1586.7,área da unidade negociada em condomínio
120265,TERRENO EM CONDOMINIO HORIZONTAL FECHADO,14921.05,217.89,217.89,área da unidade negociada em condomínio
120371,TERRENO EM CONDOMINIO HORIZONTAL FECHADO,487200.89,525.06,525.06,área da unidade negociada em condomínio
120501,TERRENO EM CONDOMINIO HORIZONTAL FECHADO,34403.35,265.51,265.51,área da unidade negociada em condomínio
121003,TERRENO EM CONDOMINIO HORIZONTAL FECHADO,16484.37,110.0,110.0,área da unidade negociada em condomínio
121052,TERRENO EM CONDOMINIO HORIZONTAL FECHADO,19948.88,204.88,204.88,área da unidade negociada em condomínio
121053,TERRENO EM CONDOMINIO HORIZONTAL FECHADO,19948.88,204.88,204.88,área da unidade negociada em condomínio
121198,TERRENO EM CONDOMINIO HORIZONTAL FECHADO,9093.0,105.53,105.53,área da unidade negociada em condomínio
121204,TERRENO EM CONDOMINIO HORIZONTAL FECHADO,9093.0,105.53,105.53,área da unidade negociada em condomínio
121205,TERRENO EM CONDOMINIO HORIZONTAL FECHADO,9093.0,105.53,105.53,área da unidade negociada em condomínio
121207,TERRENO EM CONDOMINIO HORIZONTAL FECHADO,9093.0,105.53,105.53,área da unidade negociada em condomínio
121445,TERRENO EM CONDOMINIO HORIZONTAL ABERTO,5069.64,136.8,136.8,área da unidade negociada em condomínio
122331,TERRENO EM CONDOMINIO HORIZONTAL FECHADO,487200.89,1712.7,1712.7,área da unidade negociada em condomínio
122333,TERRENO EM CONDOMINIO HORIZONTAL FECHADO,487200.89,1712.49,1712.49,área da unidade negociada em condomínio
122547,TERRENO EM CONDOMINIO HORIZONTAL FECHADO,19948.88,218.54,218.54,área da unidade negociada em condomínio
122581,TERRENO EM CONDOMINIO HORIZONTAL FECHADO,30761.63,154.0,154.0,área da unidade negociada em condomínio
123166,TERRENO EM CONDOMINIO HORIZONTAL FECHADO,30761.63,164.5,164.5,área da unidade negociada em condomínio
123197,TERRENO EM CONDOMINIO HORIZONTAL FECHADO,865201.8,483.91,483.91,área da unidade negociada em condomínio
123664,TERRENO EM CONDOMINIO HORIZONTAL FECHADO,16484.37,159.05,159.05,área da unidade negociada em condomínio
123992,TERRENO EM CONDOMINIO HORIZONTAL FECHADO,865201.8,582.27,582.27,área da unidade negociada em condomínio
124255,TERRENO EM CONDOMINIO HORIZONTAL FECHADO,14921.05,150.0,150.0,área da unidade negociada em condomínio
124346,TERRENO EM CONDOMINIO HORIZONTAL FECHADO,19948.88,204.88,204.88,área da unidade negociada em condomínio
124707,TERRENO EM CONDOMINIO HORIZONTAL FECHADO,15535.62,130.0,130.0,área da unidade negociada em condomínio
124708,TERRENO EM CONDOMINIO HORIZONTAL FECHADO,15535.62,130.0,130.0,área da unidade negociada em condomínio
124729,TERRENO EM CONDOMINIO HORIZONTAL FECHADO,865201.8,483.91,483.91,área da unidade negociada em condomínio
124914,TERRENO EM CONDOMINIO HORIZONTAL FECHADO,14921.05,217.88,217.88,área da unidade negociada em condomínio
124917,TERRENO EM CONDOMINIO HORIZONTAL FECHADO,19948.88,204.88,204.88,área da unidade negociada em condomínio
125025,TERRENO EM CONDOMINIO HORIZONTAL FECHADO,8923.06,166.95,166.95,área da unidade negociada em condomínio
126455,TERRENO EM CONDOMINIO HORIZONTAL FECHADO,1426987.0,1550.45,1550.45,área da unidade negociada em condomínio
127178,TERRENO EM CONDOMINIO HORIZONTAL FECHADO,18381.0,184.38,184.38,área da unidade negociada em condomínio
127471,TERRENO EM CONDOMINIO HORIZONTAL FECHADO,865201.8,611.45,611.45,área da unidade negociada em condomínio
128602,TERRENOS CONDOMINIO HORIZ ABERTO SEM AREA USO COMUM,420.0,84.0,84.0,área da unidade negociada em condomínio
128627,TERRENOS CONDOMINIO HORIZ ABERTO SEM AREA USO COMUM,5760.0,21495.09,21495.09,área da unidade negociada em condomínio
128796,TERRENO EM CONDOMINIO HORIZONTAL FECHADO,1426987.0,1007.44,1007.44,área da unidade negociada em condomínio
129303,TERRENO EM CONDOMINIO HORIZONTAL FECHADO,16484.37,162.5,162.5,área da unidade negociada em condomínio
129815,TERRENO EM CONDOMINIO HORIZONTAL FECHADO,30761.63,154.0,154.0,área da unidade negociada em condomínio
129989,TERRENO EM CONDOMINIO HORIZONTAL FECHADO,15535.62,137.5,137.5,área da unidade negociada em condomínio
129990,TERRENO EM CONDOMINIO HORIZONTAL FECHADO,15535.62,137.5,137.5,área da unidade negociada em condomínio
129991,TERRENO EM CONDOMINIO HORIZONTAL FECHADO,15535.62,137.5,137.5,área da unidade negociada em condomínio
129993,TERRENO EM CONDOMINIO HORIZONTAL FECHADO,15535.62,137.5,137.5,área da unidade negociada em condomínio
130014,TERRENO EM CONDOMINIO HORIZONTAL FECHADO,13501.82,323.77,323.77,área da unidade negociada em condomínio
130201,TERRENO EM CONDOMINIO HORIZONTAL FECHADO,13501.82,323.77,323.77,área da unidade negociada em condomínio
130217,TERRENO EM CONDOMINIO HORIZONTAL FECHADO,44454.0,300.64,300.64,área da unidade negociada em condomínio
130668,TERRENO EM CONDOMINIO HORIZONTAL FECHADO,19948.88,232.2,232.2,área da unidade negociada em condomínio
131935,TERRENO EM CONDOMINIO HORIZONTAL FECHADO,5643.0,235.49,235.49,área da unidade negociada em condomínio
133001,TERRENO EM CONDOMINIO HORIZONTAL FECHADO,19948.88,569.19,569.19,área da unidade negociada em condomínio
133398,TERRENO EM CONDOMINIO HORIZONTAL FECHADO,865201.8,612.88,612.88,área da unidade negociada em condomínio
133403,TERRENO EM CONDOMINIO HORIZONTAL FECHADO,19729.0,293.16,293.16,área da unidade negociada em condomínio
133680,TERRENO EM CONDOMINIO HORIZONTAL FECHADO,16484.37,122.38,122.38,área da unidade negociada em condomínio
133714,TERRENO EM CONDOMINIO HORIZONTAL FECHADO,487200.89,508.85,508.85,área da unidade negociada em condomínio
133779,TERRENO EM CONDOMINIO HORIZONTAL FECHADO,2872.3,179.75,179.75,área da unidade negociada em condomínio
134498,TERRENO EM CONDOMINIO HORIZONTAL FECHADO,1426987.0,1069.36,1069.36,área da unidade negociada em condomínio
134674,TERRENO EM CONDOMINIO HORIZONTAL FECHADO,487200.89,508.85,508.85,área da unidade negociada em condomínio
134697,TERRENO EM CONDOMINIO HORIZONTAL FECHADO,34403.35,247.88,247.88,área da unidade negociada em condomínio
134928,TERRENO EM CONDOMINIO HORIZONTAL FECHADO,1426987.0,1000.0,1000.0,área da unidade negociada em condomínio
134974,TERRENO EM CONDOMINIO HORIZONTAL FECHADO,44454.0,244.81,244.81,área da unidade negociada em condomínio
135062,TERRENO EM CONDOMINIO HORIZONTAL FECHADO,487200.89,562.58,562.58,área da unidade negociada em condomínio
135186,TERRENO EM CONDOMINIO HORIZONTAL FECHADO,45350.0,112.69,112.69,área da unidade negociada em condomínio
135196,TERRENO EM CONDOMINIO HORIZONTAL FECHADO,45350.0,112.69,112.69,área da unidade negociada em condomínio
135568,TERRENO EM CONDOMINIO HORIZONTAL FECHADO,34403.35,247.88,247.88,área da unidade negociada em condomínio
135573,TERRENO EM CONDOMINIO HORIZONTAL FECHADO,13913.8,200.0,200.0,área da unidade negociada em condomínio
135902,TERRENO EM CONDOMINIO HORIZONTAL FECHADO,2872.3,179.75,179.75,área da unidade negociada em condomínio
136369,TERRENO EM CONDOMINIO HORIZONTAL FECHADO,16484.37,110.0,110.0,área da unidade negociada em condomínio
136610,TERRENO EM CONDOMINIO HORIZONTAL FECHADO,13501.82,377.16,377.16,área da unidade negociada em condomínio
137524,TERRENO EM CONDOMINIO HORIZONTAL FECHADO,1426987.0,1062.24,1062.24,área da unidade negociada em condomínio
137903,TERRENO EM CONDOMINIO HORIZONTAL FECHADO,8601.11,177.07,177.07,área da unidade negociada em condomínio
139424,TERRENO EM CONDOMINIO HORIZONTAL FECHADO,487200.89,1706.34,1706.34,área da unidade negociada em condomínio
139578,TERRENO EM CONDOMINIO HORIZONTAL FECHADO,15535.62,137.5,137.5,área da unidade negociada em condomínio
139807,TERRENO EM CONDOMINIO HORIZONTAL FECHADO,33677.6,156.86,156.86,área da unidade negociada em condomínio
140499,TERRENO EM CONDOMINIO HORIZONTAL FECHADO,865201.8,484.91,484.91,área da unidade negociada em condomínio
141427,TERRENO EM CONDOMINIO HORIZONTAL FECHADO,15535.62,137.5,137.5,área da unidade negociada em condomínio
142096,TERRENO EM CONDOMINIO HORIZONTAL FECHADO,865201.8,1378.88,1378.88,área da unidade negociada em condomínio
142252,TERRENO EM CONDOMINIO HORIZONTAL FECHADO,19948.88,569.19,569.19,área da unidade negociada em condomínio
142456,TERRENO EM CONDOMINIO HORIZONTAL FECHADO,865201.8,569.85,569.85,área da unidade negociada em condomínio
142582,TERRENO EM CONDOMINIO HORIZONTAL FECHADO,19948.88,204.88,204.88,área da unidade negociada em condomínio
143816,TERRENO EM CONDOMINIO HORIZONTAL FECHADO,11822.89,154.0,154.0,área da unidade negociada em condomínio
143834,TERRENO EM CONDOMINIO HORIZONTAL FECHADO,34403.35,322.31,322.31,área da unidade negociada em condomínio
143856,TERRENO EM CONDOMINIO HORIZONTAL FECHADO,9093.0,105.53,105.53,área da unidade negociada em condomínio
143857,TERRENO EM CONDOMINIO HORIZONTAL FECHADO,9093.0,105.53,105.53,área da unidade negociada em condomínio
144296,TERRENO EM CONDOMINIO HORIZONTAL FECHADO,44454.0,300.64,300.64,área da unidade negociada em condomínio
144656,TERRENO EM CONDOMINIO HORIZONTAL FECHADO,18381.0,184.37,184.37,área da unidade negociada em condomínio
145394,TERRENO EM CONDOMINIO HORIZONTAL FECHADO,6446.94,89.0,89.0,área da unidade negociada em condomínio
145395,TERRENO EM CONDOMINIO HORIZONTAL FECHADO,6446.94,89.2,89.2,área da unidade negociada em condomínio
145396,TERRENO EM CONDOMINIO HORIZONTAL FECHADO,6446.94,89.2,89.2,área da unidade negociada em condomínio
145401,TERRENO EM CONDOMINIO HORIZONTAL FECHADO,14057.42,142.68,142.68,área da unidade negociada em condomínio
145458,TERRENO EM CONDOMINIO HORIZONTAL FECHADO,865201.8,1378.88,1378.88,área da unidade negociada em condomínio
145760,TERRENO EM CONDOMINIO HORIZONTAL FECHADO,11822.89,154.0,154.0,área da unidade negociada em condomínio
145807,TERRENO EM CONDOMINIO HORIZONTAL ABERTO,3459.77,228.19,228.19,área da unidade negociada em condomínio
146165,TERRENO EM CONDOMINIO HORIZONTAL FECHADO,15535.62,298.12,298.12,área da unidade negociada em condomínio
146471,TERRENO EM CONDOMINIO HORIZONTAL FECHADO,487200.89,607.24,607.24,área da unidade negociada em condomínio
147072,TERRENO EM CONDOMINIO HORIZONTAL FECHADO,34403.35,274.28,274.28,área da unidade negociada em condomínio
147436,TERRENO EM CONDOMINIO HORIZONTAL FECHADO,18825.0,91.24,91.24,área da unidade negociada em condomínio
148117,TERRENOS CONDOMINIO HORIZ ABERTO SEM AREA USO COMUM,35067.0,72.5,72.5,área da unidade negociada em condomínio
148382,TERRENO EM CONDOMINIO HORIZONTAL FECHADO,19948.88,204.88,204.88,área da unidade negociada em condomínio
148671,TERRENO EM CONDOMINIO HORIZONTAL FECHADO,487200.89,1805.4,1805.4,área da unidade negociada em condomínio
148681,TERRENO EM CONDOMINIO HORIZONTAL FECHADO,487200.89,685.36,685.36,área da unidade negociada em condomínio
148993,TERRENO EM CONDOMINIO HORIZONTAL FECHADO,865201.8,604.23,604.23,área da unidade negociada em condomínio
149142,TERRENO EM CONDOMINIO HORIZONTAL FECHADO,14057.42,142.68,142.68,área da unidade negociada em condomínio
149727,TERRENO EM CONDOMINIO HORIZONTAL FECHADO,34403.35,275.84,275.84,área da unidade negociada em condomínio
149903,TERRENO EM CONDOMINIO HORIZONTAL FECHADO,15535.62,137.5,137.5,área da unidade negociada em condomínio
150271,TERRENO EM CONDOMINIO HORIZONTAL FECHADO,865201.8,1465.04,1465.04,área da unidade negociada em condomínio
150283,TERRENO EM CONDOMINIO HORIZONTAL FECHADO,14057.42,142.68,142.68,área da unidade negociada em condomínio
150904,TERRENO EM CONDOMINIO HORIZONTAL FECHADO,5643.0,174.44,174.44,área da unidade negociada em condomínio
151070,TERRENO EM CONDOMINIO HORIZONTAL FECHADO,13501.82,434.3,434.3,área da unidade negociada em condomínio
151808,TERRENO EM CONDOMINIO HORIZONTAL FECHADO,18381.0,184.38,184.38,área da unidade negociada em condomínio
151992,TERRENO EM CONDOMINIO HORIZONTAL FECHADO,34403.35,275.84,275.84,área da unidade negociada em condomínio
152629,TERRENO EM CONDOMINIO HORIZONTAL FECHADO,18381.0,184.38,184.38,área da unidade negociada em condomínio
152752,TERRENO EM CONDOMINIO HORIZONTAL FECHADO,865201.8,541.13,541.13,área da unidade negociada em condomínio
152753,TERRENO EM CONDOMINIO HORIZONTAL FECHADO,865201.8,541.13,541.13,área da unidade negociada em condomínio
153356,TERRENO EM CONDOMINIO HORIZONTAL FECHADO,487200.89,589.92,589.92,área da unidade negociada em condomínio
153366,TERRENO EM CONDOMINIO HORIZONTAL FECHADO,865201.8,569.19,569.19,área da unidade negociada em condomínio
153512,TERRENO EM CONDOMINIO HORIZONTAL FECHADO,18381.0,184.38,184.38,área da unidade negociada em condomínio
154153,TERRENO EM CONDOMINIO HORIZONTAL FECHADO,865201.8,555.87,555.87,área da unidade negociada em condomínio
154583,TERRENO EM CONDOMINIO HORIZONTAL FECHADO,6446.94,87.47,87.47,área da unidade negociada em condomínio
154699,TERRENO EM CONDOMINIO HORIZONTAL FECHADO,26879.0,335.8,335.8,área da unidade negociada em condomínio
154791,TERRENO EM CONDOMINIO HORIZONTAL FECHADO,865201.8,925.7,925.7,área da unidade negociada em condomínio
155319,TERRENO EM CONDOMINIO HORIZONTAL FECHADO,865201.8,1435.22,1435.22,área da unidade negociada em condomínio
155583,TERRENO EM CONDOMINIO HORIZONTAL FECHADO,4224.0,233.34,233.34,área da unidade negociada em condomínio
155751,TERRENO EM CONDOMINIO HORIZONTAL FECHADO,865201.8,925.7,925.7,área da unidade negociada em condomínio
155975,TERRENO EM CONDOMINIO HORIZONTAL FECHADO,20219.0,180.0,180.0,área da unidade negociada em condomínio
156345,TERRENO EM CONDOMINIO HORIZONTAL FECHADO,487200.89,0.0,,área da unidade em condomínio ausente
156346,TERRENO EM CONDOMINIO HORIZONTAL FECHADO,487200.89,0.0,,área da unidade em condomínio ausente
156813,TERRENO EM CONDOMINIO HORIZONTAL FECHADO,487200.89,470010.46,470010.46,área da unidade negociada em condomínio
157123,TERRENO EM CONDOMINIO HORIZONTAL FECHADO,30761.63,154.0,154.0,área da unidade negociada em condomínio
157979,TERRENO EM CONDOMINIO HORIZONTAL FECHADO,865201.8,887.79,887.79,área da unidade negociada em condomínio
157980,TERRENO EM CONDOMINIO HORIZONTAL FECHADO,487200.89,508.85,508.85,área da unidade negociada em condomínio
157982,TERRENO EM CONDOMINIO HORIZONTAL FECHADO,14057.42,142.68,142.68,área da unidade negociada em condomínio
158454,TERRENO EM CONDOMINIO HORIZONTAL FECHADO,25258.11,234.18,234.18,área da unidade negociada em condomínio
158455,TERRENO EM CONDOMINIO HORIZONTAL FECHADO,13913.8,389.97,389.97,área da unidade negociada em condomínio
159626,TERRENO EM CONDOMINIO HORIZONTAL FECHADO,25258.11,234.18,234.18,área da unidade negociada em condomínio
159636,TERRENO EM CONDOMINIO HORIZONTAL FECHADO,25258.11,234.18,234.18,área da unidade negociada em condomínio
159922,TERRENO EM CONDOMINIO HORIZONTAL FECHADO,13501.82,434.3,434.3,área da unidade negociada em condomínio
160807,TERRENO EM CONDOMINIO HORIZONTAL FECHADO,89985.0,359.37,359.37,área da unidade negociada em condomínio
161779,TERRENO EM CONDOMINIO HORIZONTAL FECHADO,865201.8,564.53,564.53,área da unidade negociada em condomínio
161922,TERRENO EM CONDOMINIO HORIZONTAL FECHADO,19948.88,216.51,216.51,área da unidade negociada em condomínio
162396,TERRENOS CONDOMINIO HORIZ ABERTO SEM AREA USO COMUM,420.0,84.0,84.0,área da unidade negociada em condomínio
162422,TERRENO EM CONDOMINIO HORIZONTAL ABERTO,5069.64,199.6,199.6,área da unidade negociada em condomínio
163172,TERRENO EM CONDOMINIO HORIZONTAL FECHADO,865201.8,540.8,540.8,área da unidade negociada em condomínio
163258,TERRENO EM CONDOMINIO HORIZONTAL FECHADO,30761.63,154.0,154.0,área da unidade negociada em condomínio
163884,TERRENO EM CONDOMINIO HORIZONTAL FECHADO,34403.35,232.91,232.91,área da unidade negociada em condomínio
163955,TERRENO EM CONDOMINIO HORIZONTAL FECHADO,13913.8,276.0,276.0,área da unidade negociada em condomínio
164305,TERRENO EM CONDOMINIO HORIZONTAL FECHADO,19948.88,204.88,204.88,área da unidade negociada em condomínio
164842,TERRENO EM CONDOMINIO HORIZONTAL FECHADO,865201.8,1419.04,1419.04,área da unidade negociada em condomínio
164845,TERRENO EM CONDOMINIO HORIZONTAL FECHADO,865201.8,502.19,502.19,área da unidade negociada em condomínio
167161,TERRENO EM CONDOMINIO HORIZONTAL FECHADO,2872.3,177.8,177.8,área da unidade negociada em condomínio
629726,TERRENO EM CONDOMINIO HORIZONTAL FECHADO,487200.89,,,área da unidade em condomínio ausente
629734,TERRENO EM CONDOMINIO HORIZONTAL FECHADO,487200.89,,,área da unidade em condomínio ausente
629784,TERRENO EM CONDOMINIO HORIZONTAL FECHADO,46180.62,,,área da unidade em condomínio ausente
630031,TERRENO EM CONDOMINIO HORIZONTAL FECHADO,487200.89,,,área da unidade em condomínio ausente
630043,TERRENO EM CONDOMINIO HORIZONTAL FECHADO,487200.89,,,área da unidade em condomínio ausente
630133,TERRENO EM CONDOMINIO HORIZONTAL FECHADO,487200.89,,,área da unidade em condomínio ausente
630181,TERRENO EM CONDOMINIO HORIZONTAL FECHADO,34403.35,,,área da unidade em condomínio ausente
630263,TERRENO EM CONDOMINIO HORIZONTAL FECHADO,34403.35,,,área da unidade em condomínio ausente
630296,TERRENO EM CONDOMINIO HORIZONTAL FECHADO,487200.89,,,área da unidade em condomínio ausente
630623,TERRENO EM CONDOMINIO HORIZONTAL FECHADO,487200.89,,,área da unidade em condomínio ausente
630683,TERRENO EM CONDOMINIO HORIZONTAL FECHADO,487200.89,,,área da unidade em condomínio ausente
631059,TERRENO EM CONDOMINIO HORIZONTAL FECHADO,46180.62,,,área da unidade em condomínio ausente
631060,TERRENO EM CONDOMINIO HORIZONTAL FECHADO,16484.37,,,área da unidade em condomínio ausente
632112,TERRENO EM CONDOMINIO HORIZONTAL FECHADO,6890.0,,,área da unidade em condomínio ausente
632237,TERRENO EM CONDOMINIO HORIZONTAL FECHADO,13913.8,,,área da unidade em condomínio ausente
633060,TERRENO EM CONDOMINIO HORIZONTAL FECHADO,865201.8,,,área da unidade em condomínio ausente
633061,TERRENO EM CONDOMINIO HORIZONTAL FECHADO,14057.42,,,área da unidade em condomínio ausente
633062,TERRENO EM CONDOMINIO HORIZONTAL FECHADO,14057.42,,,área da unidade em condomínio ausente
633064,TERRENO EM CONDOMINIO HORIZONTAL FECHADO,60098.0,,,área da unidade em condomínio ausente
633331,TERRENO EM CONDOMINIO HORIZONTAL FECHADO,95591.0,,,área da unidade em condomínio ausente
633762,TERRENO EM CONDOMINIO HORIZONTAL ABERTO,5069.64,,,área da unidade em condomínio ausente
634697,TERRENO EM CONDOMINIO HORIZONTAL FECHADO,8476.0,,,área da unidade em condomínio ausente
634979,TERRENO EM CONDOMINIO HORIZONTAL FECHADO,281262.0,,,área da unidade em condomínio ausente
635690,TERRENO EM CONDOMINIO HORIZONTAL FECHADO,8476.0,,,área da unidade em condomínio ausente
636004,TERRENO EM CONDOMINIO HORIZONTAL FECHADO,281262.0,,,área da unidade em condomínio ausente
636116,TERRENO EM CONDOMINIO HORIZONTAL FECHADO,46180.62,,,área da unidade em condomínio ausente
636532,TERRENO EM CONDOMINIO HORIZONTAL FECHADO,95591.0,,,área da unidade em condomínio ausente
637460,TERRENO EM CONDOMINIO HORIZONTAL FECHADO,281262.0,,,área da unidade em condomínio ausente
638775,TERRENO EM CONDOMINIO HORIZONTAL FECHADO,21706.54,,,área da unidade em condomínio ausente
639436,TERRENO EM CONDOMINIO HORIZONTAL FECHADO,1169.48,,,área da unidade em condomínio ausente
639797,TERRENO EM CONDOMINIO HORIZONTAL FECHADO,14057.42,,,área da unidade em condomínio ausente
640130,TERRENO EM CONDOMINIO HORIZONTAL FECHADO,95591.0,,,área da unidade em condomínio ausente
640155,TERRENO EM CONDOMINIO HORIZONTAL FECHADO,13913.8,,,área da unidade em condomínio ausente
640465,TERRENO EM CONDOMINIO HORIZONTAL FECHADO,281262.0,,,área da unidade em condomínio ausente
640545,TERRENO EM CONDOMINIO HORIZONTAL FECHADO,14057.42,,,área da unidade em condomínio ausente
640671,TERRENO EM CONDOMINIO HORIZONTAL FECHADO,281262.0,,,área da unidade em condomínio ausente
641704,TERRENO EM CONDOMINIO HORIZONTAL FECHADO,13913.8,,,área da unidade em condomínio ausente
641961,TERRENO EM CONDOMINIO HORIZONTAL FECHADO,13913.8,,,área da unidade em condomínio ausente
642535,TERRENO EM CONDOMINIO HORIZONTAL FECHADO,13913.8,,,área da unidade em condomínio ausente
642763,TERRENO EM CONDOMINIO HORIZONTAL FECHADO,487200.89,,,área da unidade em condomínio ausente
642963,TERRENO EM CONDOMINIO HORIZONTAL FECHADO,281262.0,,,área da unidade em condomínio ausente
643765,TERRENO EM CONDOMINIO HORIZONTAL FECHADO,44454.0,,,área da unidade em condomínio ausente
643767,TERRENO EM CONDOMINIO HORIZONTAL FECHADO,14057.42,,,área da unidade em condomínio ausente
643797,TERRENO EM CONDOMINIO HORIZONTAL FECHADO,311.75,,,área da unidade em condomínio ausente
644412,TERRENO EM CONDOMINIO HORIZONTAL FECHADO,281262.0,,,área da unidade em condomínio ausente
644446,TERRENO EM CONDOMINIO HORIZONTAL FECHADO,281262.0,,,área da unidade em condomínio ausente
644447,TERRENO EM CONDOMINIO HORIZONTAL FECHADO,281262.0,,,área da unidade em condomínio ausente
644451,TERRENO EM CONDOMINIO HORIZONTAL FECHADO,281262.0,,,área da unidade em condomínio ausente
644622,TERRENO EM CONDOMINIO HORIZONTAL FECHADO,13913.8,,,área da unidade em condomínio ausente
645810,TERRENO EM CONDOMINIO HORIZONTAL FECHADO,95591.0,,,área da unidade em condomínio ausente
645812,TERRENO EM CONDOMINIO HORIZONTAL FECHADO,2072.0,,,área da unidade em condomínio ausente
645894,TERRENO EM CONDOMINIO HORIZONTAL FECHADO,281262.0,,,área da unidade em condomínio ausente
646291,TERRENO EM CONDOMINIO HORIZONTAL FECHADO,281262.0,,,área da unidade em condomínio ausente
646638,TERRENO EM CONDOMINIO HORIZONTAL FECHADO,13913.8,,,área da unidade em condomínio ausente
646660,TERRENO EM CONDOMINIO HORIZONTAL FECHADO,60098.0,,,área da unidade em condomínio ausente
646678,TERRENO EM CONDOMINIO HORIZONTAL FECHADO,6890.0,,,área da unidade em condomínio ausente
647807,TERRENO EM CONDOMINIO HORIZONTAL FECHADO,281262.0,,,área da unidade em condomínio ausente
647986,TERRENO EM CONDOMINIO HORIZONTAL FECHADO,13913.8,,,área da unidade em condomínio ausente
648300,TERRENO EM CONDOMINIO HORIZONTAL FECHADO,487200.89,,,área da unidade em condomínio ausente
648363,TERRENO EM CONDOMINIO HORIZONTAL FECHADO,6958.0,,,área da unidade em condomínio ausente
648400,TERRENO EM CONDOMINIO HORIZONTAL FECHADO,21706.54,,,área da unidade em condomínio ausente
648441,TERRENO EM CONDOMINIO HORIZONTAL FECHADO,487200.89,,,área da unidade em condomínio ausente
648524,TERRENO EM CONDOMINIO HORIZONTAL FECHADO,1169.48,,,área da unidade em condomínio ausente
648583,TERRENO EM CONDOMINIO HORIZONTAL FECHADO,487200.89,,,área da unidade em condomínio ausente
648687,TERRENO EM CONDOMINIO HORIZONTAL FECHADO,6890.0,,,área da unidade em condomínio ausente
648956,TERRENO EM CONDOMINIO HORIZONTAL FECHADO,487200.89,,,área da unidade em condomínio ausente
649167,TERRENO EM CONDOMINIO HORIZONTAL FECHADO,21706.54,,,área da unidade em condomínio ausente
649783,TERRENO EM CONDOMINIO HORIZONTAL FECHADO,487200.89,,,área da unidade em condomínio ausente
650313,TERRENO EM CONDOMINIO HORIZONTAL FECHADO,281262.0,,,área da unidade em condomínio ausente
650398,TERRENO EM CONDOMINIO HORIZONTAL FECHADO,487200.89,,,área da unidade em condomínio ausente
650866,TERRENO EM CONDOMINIO HORIZONTAL FECHADO,281262.0,,,área da unidade em condomínio ausente
650950,TERRENO EM CONDOMINIO HORIZONTAL FECHADO,14057.42,,,área da unidade em condomínio ausente
655387,TERRENO EM CONDOMINIO HORIZONTAL FECHADO,865201.8,,,área da unidade em condomínio ausente
655414,TERRENO EM CONDOMINIO HORIZONTAL FECHADO,44454.0,,,área da unidade em condomínio ausente
655488,TERRENO EM CONDOMINIO HORIZONTAL FECHADO,281262.0,,,área da unidade em condomínio ausente
655504,TERRENO EM CONDOMINIO HORIZONTAL FECHADO,46180.62,,,área da unidade em condomínio ausente
655617,TERRENO EM CONDOMINIO HORIZONTAL FECHADO,487200.89,,,área da unidade em condomínio ausente
655755,TERRENO EM CONDOMINIO HORIZONTAL FECHADO,46180.62,,,área da unidade em condomínio ausente
655766,TERRENO EM CONDOMINIO HORIZONTAL FECHADO,281262.0,,,área da unidade em condomínio ausente
655769,TERRENO EM CONDOMINIO HORIZONTAL FECHADO,281262.0,,,área da unidade em condomínio ausente
655999,TERRENO EM CONDOMINIO HORIZONTAL FECHADO,281262.0,,,área da unidade em condomínio ausente
656962,TERRENO EM CONDOMINIO HORIZONTAL FECHADO,9891.0,,,área da unidade em condomínio ausente
657032,TERRENO EM CONDOMINIO HORIZONTAL FECHADO,9891.0,,,área da unidade em condomínio ausente
657065,TERRENO EM CONDOMINIO HORIZONTAL FECHADO,14057.42,,,área da unidade em condomínio ausente
657066,TERRENO EM CONDOMINIO HORIZONTAL FECHADO,14057.42,,,área da unidade em condomínio ausente
657067,TERRENO EM CONDOMINIO HORIZONTAL FECHADO,14057.42,,,área da unidade em condomínio ausente
658158,TERRENO EM CONDOMINIO HORIZONTAL FECHADO,281262.0,,,área da unidade em condomínio ausente
658173,TERRENO EM CONDOMINIO HORIZONTAL FECHADO,281262.0,,,área da unidade em condomínio ausente
658831,TERRENO EM CONDOMINIO HORIZONTAL FECHADO,46180.62,,,área da unidade em condomínio ausente
658885,TERRENO EM CONDOMINIO HORIZONTAL FECHADO,46180.62,,,área da unidade em condomínio ausente
658886,TERRENO EM CONDOMINIO HORIZONTAL FECHADO,46180.62,,,área da unidade em condomínio ausente
658924,TERRENO EM CONDOMINIO HORIZONTAL FECHADO,46180.62,,,área da unidade em condomínio ausente
658956,TERRENO EM CONDOMINIO HORIZONTAL FECHADO,46180.62,,,área da unidade em condomínio ausente
658957,TERRENO EM CONDOMINIO HORIZONTAL FECHADO,46180.62,,,área da unidade em condomínio ausente
659114,TERRENO EM CONDOMINIO HORIZONTAL FECHADO,13913.8,,,área da unidade em condomínio ausente
661282,TERRENO EM CONDOMINIO HORIZONTAL FECHADO,281262.0,,,área da unidade em condomínio ausente
664445,TERRENO EM CONDOMINIO HORIZONTAL FECHADO,281262.0,,,área da unidade em condomínio ausente
664466,TERRENO EM CONDOMINIO HORIZONTAL FECHADO,95591.0,,,área da unidade em condomínio ausente
664513,TERRENO EM CONDOMINIO HORIZONTAL FECHADO,60098.0,,,área da unidade em condomínio ausente
664651,TERRENO EM CONDOMINIO HORIZONTAL FECHADO,281262.0,,,área da unidade em condomínio ausente
664783,TERRENO EM CONDOMINIO HORIZONTAL FECHADO,46180.62,,,área da unidade em condomínio ausente
664910,TERRENO EM CONDOMINIO HORIZONTAL FECHADO,487200.89,,,área da unidade em condomínio ausente
664946,TERRENO EM CONDOMINIO HORIZONTAL FECHADO,281262.0,,,área da unidade em condomínio ausente
664967,TERRENO EM CONDOMINIO HORIZONTAL FECHADO,46180.62,,,área da unidade em condomínio ausente
665002,TERRENO EM CONDOMINIO HORIZONTAL FECHADO,281262.0,,,área da unidade em condomínio ausente
665132,TERRENO EM CONDOMINIO HORIZONTAL FECHADO,44454.0,,,área da unidade em condomínio ausente
665221,TERRENO EM CONDOMINIO HORIZONTAL FECHADO,281262.0,,,área da unidade em condomínio ausente
665369,TERRENO EM CONDOMINIO HORIZONTAL FECHADO,95591.0,,,área da unidade em condomínio ausente
665418,TERRENO EM CONDOMINIO HORIZONTAL FECHADO,865201.8,,,área da unidade em condomínio ausente
665419,TERRENO EM CONDOMINIO HORIZONTAL FECHADO,14057.42,,,área da unidade em condomínio ausente
665420,TERRENO EM CONDOMINIO HORIZONTAL FECHADO,14057.42,,,área da unidade em condomínio ausente
665422,TERRENO EM CONDOMINIO HORIZONTAL FECHADO,60098.0,,,área da unidade em condomínio ausente
665685,TERRENO EM CONDOMINIO HORIZONTAL FECHADO,46180.62,,,área da unidade em condomínio ausente
665686,TERRENO EM CONDOMINIO HORIZONTAL FECHADO,16484.37,,,área da unidade em condomínio ausente
666150,TERRENO EM CONDOMINIO HORIZONTAL FECHADO,44454.0,,,área da unidade em condomínio ausente
666976,TERRENO EM CONDOMINIO HORIZONTAL FECHADO,8476.0,,,área da unidade em condomínio ausente
668063,TERRENO EM CONDOMINIO HORIZONTAL ABERTO,5069.64,,,área da unidade em condomínio ausente
668136,TERRENO EM CONDOMINIO HORIZONTAL FECHADO,13913.8,,,área da unidade em condomínio ausente
669566,TERRENO EM CONDOMINIO HORIZONTAL FECHADO,281262.0,,,área da unidade em condomínio ausente
670235,TERRENO EM CONDOMINIO HORIZONTAL FECHADO,487200.89,,,área da unidade em condomínio ausente
671126,TERRENO EM CONDOMINIO HORIZONTAL FECHADO,46180.62,,,área da unidade em condomínio ausente
671603,TERRENO EM CONDOMINIO HORIZONTAL FECHADO,281262.0,,,área da unidade em condomínio ausente
671711,TERRENO EM CONDOMINIO HORIZONTAL FECHADO,281262.0,,,área da unidade em condomínio ausente
672534,TERRENO EM CONDOMINIO HORIZONTAL FECHADO,1169.48,,,área da unidade em condomínio ausente
673005,TERRENO EM CONDOMINIO HORIZONTAL FECHADO,14057.42,,,área da unidade em condomínio ausente
673088,TERRENO EM CONDOMINIO HORIZONTAL FECHADO,13913.8,,,área da unidade em condomínio ausente
674044,TERRENO EM CONDOMINIO HORIZONTAL FECHADO,6890.0,,,área da unidade em condomínio ausente
674197,TERRENO EM CONDOMINIO HORIZONTAL FECHADO,281262.0,,,área da unidade em condomínio ausente
674576,TERRENO EM CONDOMINIO HORIZONTAL FECHADO,487200.89,,,área da unidade em condomínio ausente
674583,TERRENO EM CONDOMINIO HORIZONTAL FECHADO,281262.0,,,área da unidade em condomínio ausente
674584,TERRENO EM CONDOMINIO HORIZONTAL FECHADO,281262.0,,,área da unidade em condomínio ausente
674700,TERRENO EM CONDOMINIO HORIZONTAL FECHADO,13913.8,,,área da unidade em condomínio ausente
675253,TERRENO EM CONDOMINIO HORIZONTAL FECHADO,281262.0,,,área da unidade em condomínio ausente
675307,TERRENO EM CONDOMINIO HORIZONTAL FECHADO,95591.0,,,área da unidade em condomínio ausente
675812,TERRENO EM CONDOMINIO HORIZONTAL FECHADO,2072.0,,,área da unidade em condomínio ausente
676420,TERRENO EM CONDOMINIO HORIZONTAL FECHADO,281262.0,,,área da unidade em condomínio ausente
676430,TERRENO EM CONDOMINIO HORIZONTAL FECHADO,281262.0,,,área da unidade em condomínio ausente
676486,TERRENO EM CONDOMINIO HORIZONTAL FECHADO,13913.8,,,área da unidade em condomínio ausente
676721,TERRENO EM CONDOMINIO HORIZONTAL FECHADO,4224.0,,,área da unidade em condomínio ausente
676946,TERRENO EM CONDOMINIO HORIZONTAL FECHADO,281262.0,,,área da unidade em condomínio ausente
676987,TERRENO EM CONDOMINIO HORIZONTAL FECHADO,95591.0,,,área da unidade em condomínio ausente
678017,TERRENO EM CONDOMINIO HORIZONTAL FECHADO,281262.0,,,área da unidade em condomínio ausente
678116,TERRENO EM CONDOMINIO HORIZONTAL FECHADO,311.75,,,área da unidade em condomínio ausente
678338,TERRENO EM CONDOMINIO HORIZONTAL FECHADO,14057.42,,,área da unidade em condomínio ausente
678977,TERRENO EM CONDOMINIO HORIZONTAL FECHADO,6890.0,,,área da unidade em condomínio ausente
678991,TERRENO EM CONDOMINIO HORIZONTAL FECHADO,487200.89,,,área da unidade em condomínio ausente
679042,TERRENO EM CONDOMINIO HORIZONTAL FECHADO,13913.8,,,área da unidade em condomínio ausente
679123,TERRENO EM CONDOMINIO HORIZONTAL FECHADO,2072.0,,,área da unidade em condomínio ausente
680357,TERRENO EM CONDOMINIO HORIZONTAL FECHADO,60098.0,,,área da unidade em condomínio ausente
680524,TERRENO EM CONDOMINIO HORIZONTAL FECHADO,487200.89,,,área da unidade em condomínio ausente
680883,TERRENO EM CONDOMINIO HORIZONTAL FECHADO,6958.0,,,área da unidade em condomínio ausente
680901,TERRENO EM CONDOMINIO HORIZONTAL FECHADO,21706.54,,,área da unidade em condomínio ausente
681022,TERRENO EM CONDOMINIO HORIZONTAL FECHADO,21706.54,,,área da unidade em condomínio ausente
681243,TERRENO EM CONDOMINIO HORIZONTAL FECHADO,487200.89,,,área da unidade em condomínio ausente
681265,TERRENO EM CONDOMINIO HORIZONTAL FECHADO,281262.0,,,área da unidade em condomínio ausente
682514,TERRENO EM CONDOMINIO HORIZONTAL FECHADO,281262.0,,,área da unidade em condomínio ausente
682603,TERRENO EM CONDOMINIO HORIZONTAL FECHADO,281262.0,,,área da unidade em condomínio ausente
682730,TERRENO EM CONDOMINIO HORIZONTAL FECHADO,487200.89,,,área da unidade em condomínio ausente
683517,TERRENO EM CONDOMINIO HORIZONTAL FECHADO,281262.0,,,área da unidade em condomínio ausente
683609,TERRENO EM CONDOMINIO HORIZONTAL FECHADO,14057.42,,,área da unidade em condomínio ausente
683832,TERRENO EM CONDOMINIO HORIZONTAL FECHADO,13913.8,,,área da unidade em condomínio ausente
684522,TERRENO EM CONDOMINIO HORIZONTAL FECHADO,281262.0,,,área da unidade em condomínio ausente
684540,TERRENO EM CONDOMINIO HORIZONTAL FECHADO,15535.62,,,área da unidade em condomínio ausente
686455,TERRENO EM CONDOMINIO HORIZONTAL FECHADO,487200.89,,,área da unidade em condomínio ausente
687478,TERRENO EM CONDOMINIO HORIZONTAL FECHADO,46180.62,,,área da unidade em condomínio ausente
687735,TERRENO EM CONDOMINIO HORIZONTAL FECHADO,21706.54,,,área da unidade em condomínio ausente
687761,TERRENO EM CONDOMINIO HORIZONTAL FECHADO,487200.89,,,área da unidade em condomínio ausente
689099,TERRENO EM CONDOMINIO HORIZONTAL FECHADO,487200.89,,,área da unidade em condomínio ausente
689114,TERRENO EM CONDOMINIO HORIZONTAL FECHADO,34403.35,,,área da unidade em condomínio ausente
689359,TERRENO EM CONDOMINIO HORIZONTAL FECHADO,487200.89,,,área da unidade em condomínio ausente
689362,TERRENO EM CONDOMINIO HORIZONTAL FECHADO,487200.89,,,área da unidade em condomínio ausente
689563,TERRENO EM CONDOMINIO HORIZONTAL FECHADO,34403.35,,,área da unidade em condomínio ausente
689826,TERRENO EM CONDOMINIO HORIZONTAL FECHADO,14057.42,,,área da unidade em condomínio ausente
689827,TERRENO EM CONDOMINIO HORIZONTAL FECHADO,14057.42,,,área da unidade em condomínio ausente
689828,TERRENO EM CONDOMINIO HORIZONTAL FECHADO,14057.42,,,área da unidade em condomínio ausente
689869,TERRENO EM CONDOMINIO HORIZONTAL FECHADO,9891.0,,,área da unidade em condomínio ausente
689877,TERRENO EM CONDOMINIO HORIZONTAL FECHADO,9891.0,,,área da unidade em condomínio ausente
690607,TERRENO EM CONDOMINIO HORIZONTAL FECHADO,487200.89,,,área da unidade em condomínio ausente
691244,TERRENO EM CONDOMINIO HORIZONTAL FECHADO,281262.0,,,área da unidade em condomínio ausente
691330,TERRENO EM CONDOMINIO HORIZONTAL FECHADO,46180.62,,,área da unidade em condomínio ausente
691366,TERRENO EM CONDOMINIO HORIZONTAL FECHADO,46180.62,,,área da unidade em condomínio ausente
691367,TERRENO EM CONDOMINIO HORIZONTAL FECHADO,46180.62,,,área da unidade em condomínio ausente
691467,TERRENO EM CONDOMINIO HORIZONTAL FECHADO,487200.89,,,área da unidade em condomínio ausente
691503,TERRENO EM CONDOMINIO HORIZONTAL FECHADO,46180.62,,,área da unidade em condomínio ausente
691518,TERRENO EM CONDOMINIO HORIZONTAL FECHADO,487200.89,,,área da unidade em condomínio ausente
691587,TERRENO EM CONDOMINIO HORIZONTAL FECHADO,13913.8,,,área da unidade em condomínio ausente
691968,TERRENO EM CONDOMINIO HORIZONTAL FECHADO,281262.0,,,área da unidade em condomínio ausente
