purpose_antes,config_antes,fold_antes,row_excel,date_antes,group_antes,tile_antes,bairro_antes,area_antes,actual_antes,predicted_antes,k_antes,effective_antes,floor_antes,n_train_antes,discount_antes,error_antes,purpose_depois,config_depois,fold_depois,date_depois,group_depois,tile_depois,bairro_depois,area_depois,actual_depois,predicted_depois,k_depois,effective_depois,floor_depois,n_train_depois,discount_depois,error_depois
TERRENO,baseline,teste_reservado,159831,2026-08-03,10437053,-3354|-4929,hipica,125.0,98600.0,214092.1711493345,12,11.948618746266456,200.0,97,0.0,,TERRENO,baseline,teste_reservado,2026-08-03,10437053,-3354|-4929,hipica,125.0,98600.0,214092.1711493345,12,11.948618746266456,200.0,97,0.0,
TERRENO,baseline,teste_reservado,159587,2026-08-04,100075347,-3341|-4928,bom jesus,333.88,70000.0,366261.0512051461,12,11.94413069737131,200.0,97,0.0,,TERRENO,baseline,teste_reservado,2026-08-04,100075347,-3341|-4928,bom jesus,333.88,70000.0,366261.0512051461,12,11.94413069737131,200.0,97,0.0,
TERRENO,baseline,teste_reservado,159626,2026-08-04,100054273,-3337|-4923,sarandi,25258.11,860000.0,52685813.146921664,12,11.993860581656822,200.0,97,0.0,,TERRENO,baseline,teste_reservado,2026-08-04,100054273,-3337|-4923,sarandi,234.18,860000.0,488590.9737604914,12,11.993632774991791,200.0,97,0.0,
TERRENO,baseline,teste_reservado,159946,2026-08-04,178454,-3336|-4924,sarandi,300.0,370000.0,356809.9503461762,13,11.597032882511169,200.0,97,0.0,,TERRENO,baseline,teste_reservado,2026-08-04,178454,-3336|-4924,sarandi,300.0,370000.0,356809.9503461762,13,11.597032882511169,200.0,97,0.0,
TERRENO,baseline,teste_reservado,159899,2026-08-05,1618814,-3341|-4930,bela vista,286.0,1356000.0,1277986.9630107211,12,11.887658122233905,200.0,97,0.0,,TERRENO,baseline,teste_reservado,2026-08-05,1618814,-3341|-4930,bela vista,286.0,1356000.0,1277986.9630107211,12,11.887658122233905,200.0,97,0.0,
TERRENO,baseline,teste_reservado,159922,2026-08-05,100088539,-3353|-4932,aberta dos morr,13501.82,149000.0,19482742.09647897,12,11.968813570425382,200.0,97,0.0,,TERRENO,baseline,teste_reservado,2026-08-05,100088539,-3353|-4932,aberta dos morr,434.3,149000.0,910155.837470027,12,11.977214858809951,200.0,97,0.0,
TERRENO,baseline,teste_reservado,160807,2026-08-06,6799949,-3353|-4932,espirito santo,89985.0,315000.0,63450670.4650034,12,11.999741774732296,200.0,97,0.0,,TERRENO,baseline,teste_reservado,2026-08-06,6799949,-3353|-4932,espirito santo,359.37,315000.0,352913.24164624204,12,11.936164661761769,200.0,97,0.0,
TERRENO,baseline,teste_reservado,160590,2026-08-07,2103060,-3360|-4929,belem novo,2215.0,320000.0,1570290.489594692,12,11.990983096209904,200.0,97,0.0,,TERRENO,baseline,teste_reservado,2026-08-07,2103060,-3360|-4929,belem novo,2215.0,320000.0,1570290.489594692,12,11.990983096209904,200.0,97,0.0,
TERRENO,baseline,teste_reservado,161079,2026-08-08,1617095,-3338|-4932,floresta,296.0,420000.0,1546846.1092064674,12,11.97534039117906,200.0,97,0.0,,TERRENO,baseline,teste_reservado,2026-08-08,1617095,-3338|-4932,floresta,296.0,420000.0,1546846.1092064674,12,11.97534039117906,200.0,97,0.0,
TERRENO,baseline,teste_reservado,160664,2026-08-10,100075346,-3341|-4928,bom jesus,335.31,65800.0,367853.37604741525,12,11.944282596152844,200.0,97,0.0,,TERRENO,baseline,teste_reservado,2026-08-10,100075346,-3341|-4928,bom jesus,335.31,65800.0,367853.37604741525,12,11.944282596152844,200.0,97,0.0,
TERRENO,baseline,teste_reservado,160803,2026-08-10,747211,-3346|-4933,nonoai,255.0,250000.0,527260.1664794418,12,11.920040796330907,200.0,97,0.0,,TERRENO,baseline,teste_reservado,2026-08-10,747211,-3346|-4933,nonoai,255.0,250000.0,527260.1664794418,12,11.920040796330907,200.0,97,0.0,
TERRENO,baseline,teste_reservado,161796,2026-08-10,100091365,-3352|-4931,campo novo,300.0,204000.0,406757.5755449608,12,11.942118122821295,200.0,97,0.0,,TERRENO,baseline,teste_reservado,2026-08-10,100091365,-3352|-4931,campo novo,300.0,204000.0,406757.5755449608,12,11.942118122821295,200.0,97,0.0,
TERRENO,baseline,teste_reservado,161779,2026-08-11,100055570,-3351|-4930,vila nova,865201.8,495000.0,1262214785.2762432,12,11.999996195621437,200.0,97,0.0,,TERRENO,baseline,teste_reservado,2026-08-11,100055570,-3351|-4930,vila nova,564.53,495000.0,1184679.7764390616,12,11.99979507849579,200.0,97,0.0,
TERRENO,baseline,teste_reservado,161141,2026-08-12,5538122,-3355|-4927,restinga,590.0,550000.0,430591.88742351247,12,11.973969621877629,200.0,97,0.0,,TERRENO,baseline,teste_reservado,2026-08-12,5538122,-3355|-4927,restinga,590.0,550000.0,430591.88742351247,12,11.973969621877629,200.0,97,0.0,
TERRENO,baseline,teste_reservado,161781,2026-08-12,520764,-3346|-4934,cristal,300.0,450000.0,433557.4740637434,12,11.993467345165838,200.0,97,0.0,,TERRENO,baseline,teste_reservado,2026-08-12,520764,-3346|-4934,cristal,300.0,450000.0,433557.4740637434,12,11.993467345165838,200.0,97,0.0,
TERRENO,baseline,teste_reservado,162075,2026-08-12,10754407,-3353|-4931,aberta dos morr,174.0,87500.0,246417.9069430036,12,11.95229029823241,200.0,97,0.0,,TERRENO,baseline,teste_reservado,2026-08-12,10754407,-3353|-4931,aberta dos morr,174.0,87500.0,246417.9069430036,12,11.95229029823241,200.0,97,0.0,
TERRENO,baseline,teste_reservado,161710,2026-08-13,2867788,-3350|-4936,setimo ceu,190.2,215237.6,339639.28416636446,12,11.73537808210578,200.0,97,0.0,,TERRENO,baseline,teste_reservado,2026-08-13,2867788,-3350|-4936,setimo ceu,190.2,215237.6,339639.28416636446,12,11.73537808210578,200.0,97,0.0,
TERRENO,baseline,teste_reservado,161723,2026-08-13,5068010,-3337|-4932,navegantes,392.15,600000.0,1556528.2234832072,12,11.991513035053549,200.0,97,0.0,,TERRENO,baseline,teste_reservado,2026-08-13,5068010,-3337|-4932,navegantes,392.15,600000.0,1556528.2234832072,12,11.991513035053549,200.0,97,0.0,
TERRENO,baseline,teste_reservado,161895,2026-08-13,11181184,-3354|-4930,hipica,409.0,220000.0,381426.5650580011,12,11.986895406215282,200.0,97,0.0,,TERRENO,baseline,teste_reservado,2026-08-13,11181184,-3354|-4930,hipica,409.0,220000.0,381426.5650580011,12,11.986895406215282,200.0,97,0.0,
TERRENO,baseline,teste_reservado,161603,2026-08-14,100091399,-3352|-4931,campo novo,306.68,160000.0,415688.1386329384,12,11.94143531870224,200.0,97,0.0,,TERRENO,baseline,teste_reservado,2026-08-14,100091399,-3352|-4931,campo novo,306.68,160000.0,415688.1386329384,12,11.94143531870224,200.0,97,0.0,
TERRENO,baseline,teste_reservado,161922,2026-08-17,100106506,-3341|-4921,mario quintana,19948.88,120000.0,28903883.92699446,12,11.987091655595687,200.0,97,0.0,,TERRENO,baseline,teste_reservado,2026-08-17,100106506,-3341|-4921,mario quintana,216.51,120000.0,449789.0013413828,12,11.982756823614125,200.0,97,0.0,
TERRENO,baseline,teste_reservado,162077,2026-08-17,9513973,-3342|-4931,santana,508.0,540000.0,1902872.306270391,12,11.95904663572536,200.0,97,0.0,,TERRENO,baseline,teste_reservado,2026-08-17,9513973,-3342|-4931,santana,508.0,540000.0,1902872.306270391,12,11.95904663572536,200.0,97,0.0,
TERRENO,baseline,teste_reservado,162376,2026-08-17,10663428,-3355|-4930,hipica,134.0,31490.35,180192.121051196,12,11.952135834514586,200.0,97,0.0,,TERRENO,baseline,teste_reservado,2026-08-17,10663428,-3355|-4930,hipica,134.0,31490.35,180192.121051196,12,11.952135834514586,200.0,97,0.0,
TERRENO,baseline,teste_reservado,162396,2026-08-17,100064794,-3354|-4932,guaruja,420.0,68000.0,469259.5401672256,12,11.96940070583538,200.0,97,0.0,,TERRENO,baseline,teste_reservado,2026-08-17,100064794,-3354|-4932,guaruja,84.0,68000.0,88785.48675810338,12,11.989468709641292,200.0,97,0.0,
TERRENO,baseline,teste_reservado,162118,2026-08-18,10141421,-3349|-4923,lomba pinheiro,234.0,110000.0,281760.35643818264,12,11.67713439143591,200.0,97,0.0,,TERRENO,baseline,teste_reservado,2026-08-18,10141421,-3349|-4923,lomba pinheiro,234.0,110000.0,281760.35643818264,12,11.67713439143591,200.0,97,0.0,
TERRENO,baseline,teste_reservado,162340,2026-08-18,2274809,-3342|-4926,jardim carvalho,300.0,20000.0,282443.96938680054,12,11.840882208909669,200.0,97,0.0,,TERRENO,baseline,teste_reservado,2026-08-18,2274809,-3342|-4926,jardim carvalho,300.0,20000.0,282443.96938680054,12,11.840882208909669,200.0,97,0.0,
TERRENO,baseline,teste_reservado,162428,2026-08-18,520756,-3346|-4934,cristal,304.0,450000.0,505255.87820616784,12,11.807995304668372,200.0,97,0.0,,TERRENO,baseline,teste_reservado,2026-08-18,520756,-3346|-4934,cristal,304.0,450000.0,505255.87820616784,12,11.807995304668372,200.0,97,0.0,
TERRENO,baseline,teste_reservado,162430,2026-08-18,10110216,-3354|-4933,guaruja,358.0,280000.0,351601.1463628716,12,11.933164552951428,200.0,97,0.0,,TERRENO,baseline,teste_reservado,2026-08-18,10110216,-3354|-4933,guaruja,358.0,280000.0,351601.1463628716,12,11.933164552951428,200.0,97,0.0,
TERRENO,baseline,teste_reservado,162444,2026-08-18,10114785,-3337|-4922,parque sta fe,315.0,190000.0,381316.1889582396,12,11.728766262688286,200.0,97,0.0,,TERRENO,baseline,teste_reservado,2026-08-18,10114785,-3337|-4922,parque sta fe,315.0,190000.0,381316.1889582396,12,11.728766262688286,200.0,97,0.0,
TERRENO,baseline,teste_reservado,162454,2026-08-19,11733292,-3341|-4921,mario quintana,225.0,185000.0,224874.6176546129,12,11.941264806968595,200.0,97,0.0,,TERRENO,baseline,teste_reservado,2026-08-19,11733292,-3341|-4921,mario quintana,225.0,185000.0,224874.6176546129,12,11.941264806968595,200.0,97,0.0,
TERRENO,baseline,teste_reservado,162456,2026-08-19,647616,-3343|-4932,medianeira,186.0,410000.0,560837.8373191002,12,11.847310496856169,200.0,97,0.0,,TERRENO,baseline,teste_reservado,2026-08-19,647616,-3343|-4932,medianeira,186.0,410000.0,560837.8373191002,12,11.847310496856169,200.0,97,0.0,
TERRENO,baseline,teste_reservado,162604,2026-08-19,100050408,-3354|-4933,guaruja,304.0,70680.0,471097.4324751636,12,11.959016378748364,200.0,97,0.0,,TERRENO,baseline,teste_reservado,2026-08-19,100050408,-3354|-4933,guaruja,304.0,70680.0,471097.4324751636,12,11.959016378748364,200.0,97,0.0,
TERRENO,baseline,teste_reservado,162479,2026-08-20,1230654,-3341|-4932,santana,211.0,40000.0,993175.1052522196,12,11.88273625516572,200.0,97,0.0,,TERRENO,baseline,teste_reservado,2026-08-20,1230654,-3341|-4932,santana,211.0,40000.0,993175.1052522196,12,11.88273625516572,200.0,97,0.0,
TERRENO,baseline,teste_reservado,162480,2026-08-20,1230689,-3341|-4932,santana,211.0,30000.0,993058.1566157736,12,11.884286779677844,200.0,97,0.0,,TERRENO,baseline,teste_reservado,2026-08-20,1230689,-3341|-4932,santana,211.0,30000.0,993058.1566157736,12,11.884286779677844,200.0,97,0.0,
TERRENO,baseline,teste_reservado,162636,2026-08-20,100134726,-3340|-4922,mario quintana,150.0,72000.0,163279.81897622696,12,11.967743238480184,200.0,97,0.0,,TERRENO,baseline,teste_reservado,2026-08-20,100134726,-3340|-4922,mario quintana,150.0,72000.0,163279.81897622696,12,11.967743238480184,200.0,97,0.0,
TERRENO,baseline,teste_reservado,163172,2026-08-20,100055886,-3351|-4930,vila nova,865201.8,296000.0,1262214785.2762432,12,11.999996195621437,200.0,97,0.0,,TERRENO,baseline,teste_reservado,2026-08-20,100055886,-3351|-4930,vila nova,540.8,296000.0,1134882.0816693832,12,11.999795147839183,200.0,97,0.0,
TERRENO,baseline,teste_reservado,162683,2026-08-21,2976285,-3334|-4927,anchieta,661338.58,455857.12,656800564.3186747,12,11.99999509499209,200.0,97,0.0,,TERRENO,baseline,teste_reservado,2026-08-21,2976285,-3334|-4927,anchieta,661338.58,455857.12,656800564.3186747,12,11.99999509499209,200.0,97,0.0,
TERRENO,baseline,teste_reservado,162973,2026-08-21,9213880,-3354|-4928,hipica,125.0,224000.0,213881.81216613573,12,11.946539410267306,200.0,97,0.0,,TERRENO,baseline,teste_reservado,2026-08-21,9213880,-3354|-4928,hipica,125.0,224000.0,213881.81216613573,12,11.946539410267306,200.0,97,0.0,
TERRENO,baseline,teste_reservado,163046,2026-08-24,748137,-3337|-4930,sao joao,352.0,430000.0,1210105.1926504828,12,11.577419849004787,200.0,97,0.0,,TERRENO,baseline,teste_reservado,2026-08-24,748137,-3337|-4930,sao joao,352.0,430000.0,1210105.1926504828,12,11.577419849004787,200.0,97,0.0,
TERRENO,baseline,teste_reservado,163319,2026-08-24,10631674,-3338|-4923,jar leopoldina,330.0,120000.0,367578.337505282,12,11.773173912342637,200.0,97,0.0,,TERRENO,baseline,teste_reservado,2026-08-24,10631674,-3338|-4923,jar leopoldina,330.0,120000.0,367578.337505282,12,11.773173912342637,200.0,97,0.0,
TERRENO,baseline,teste_reservado,163258,2026-08-25,100113772,-3355|-4931,aberta dos morr,30761.63,174488.0,44703425.68272557,12,11.995731479480112,200.0,97,0.0,,TERRENO,baseline,teste_reservado,2026-08-25,100113772,-3355|-4931,aberta dos morr,154.0,174488.0,319832.9996333028,12,11.980579629395942,200.0,97,0.0,
TERRENO,baseline,teste_reservado,163614,2026-08-26,100135070,-3340|-4921,mario quintana,150.0,48360.46,163321.09296541728,12,11.96974846214799,200.0,97,0.0,,TERRENO,baseline,teste_reservado,2026-08-26,100135070,-3340|-4921,mario quintana,150.0,48360.46,163321.09296541728,12,11.96974846214799,200.0,97,0.0,
TERRENO,baseline,teste_reservado,163626,2026-08-27,1029215,-3335|-4925,sarandi,300.0,62500.0,401704.1615793667,12,11.837306505115455,200.0,97,0.0,,TERRENO,baseline,teste_reservado,2026-08-27,1029215,-3335|-4925,sarandi,300.0,62500.0,401704.1615793667,12,11.837306505115455,200.0,97,0.0,
TERRENO,baseline,teste_reservado,163823,2026-08-27,100134863,-3340|-4922,mario quintana,154.0,55005.0,167377.34706282898,12,11.94890510540421,200.0,97,0.0,,TERRENO,baseline,teste_reservado,2026-08-27,100134863,-3340|-4922,mario quintana,154.0,55005.0,167377.34706282898,12,11.94890510540421,200.0,97,0.0,
TERRENO,baseline,teste_reservado,163847,2026-08-27,470023,-3342|-4926,jardim carvalho,300.0,325000.0,281681.0740733643,12,11.853156245754688,200.0,97,0.0,,TERRENO,baseline,teste_reservado,2026-08-27,470023,-3342|-4926,jardim carvalho,300.0,325000.0,281681.0740733643,12,11.853156245754688,200.0,97,0.0,
TERRENO,baseline,teste_reservado,163927,2026-08-27,1930036,-3337|-4929,santa m goretti,467.0,650000.0,1435193.4105695393,12,11.92749999461452,200.0,97,0.0,,TERRENO,baseline,teste_reservado,2026-08-27,1930036,-3337|-4929,santa m goretti,467.0,650000.0,1435193.4105695393,12,11.92749999461452,200.0,97,0.0,
TERRENO,baseline,teste_reservado,164305,2026-08-27,100106520,-3341|-4921,mario quintana,19948.88,88000.0,28903883.92699446,12,11.987091655595687,200.0,97,0.0,,TERRENO,baseline,teste_reservado,2026-08-27,100106520,-3341|-4921,mario quintana,204.88,88000.0,425640.7153472347,12,11.98282775677221,200.0,97,0.0,
TERRENO,baseline,teste_reservado,163932,2026-08-28,11189517,-3355|-4930,hipica,191.0,250000.0,299114.41460435017,12,11.98179903298345,200.0,97,0.0,,TERRENO,baseline,teste_reservado,2026-08-28,11189517,-3355|-4930,hipica,191.0,250000.0,299114.41460435017,12,11.98179903298345,200.0,97,0.0,
TERRENO,baseline,teste_reservado,163955,2026-08-28,10548343,-3348|-4932,vila nova,13913.8,200000.0,24278131.266670723,12,11.96949623525005,200.0,97,0.0,,TERRENO,baseline,teste_reservado,2026-08-28,10548343,-3348|-4932,vila nova,276.0,200000.0,572936.8039922662,12,11.979920802073742,200.0,97,0.0,
TERRENO,baseline,teste_reservado,164842,2026-08-28,100056290,-3351|-4930,vila nova,865201.8,324000.0,1262214785.2762432,12,11.999996195621437,200.0,97,0.0,,TERRENO,baseline,teste_reservado,2026-08-28,100056290,-3351|-4930,vila nova,1419.04,324000.0,2977863.2230986264,12,11.999792592776764,200.0,97,0.0,
TERRENO,baseline,teste_reservado,164845,2026-08-28,100055656,-3351|-4930,vila nova,865201.8,225314.77,1262214785.2762432,12,11.999996195621437,200.0,97,0.0,,TERRENO,baseline,teste_reservado,2026-08-28,100055656,-3351|-4930,vila nova,502.19,225314.77,1053858.4727668294,12,11.999795260700056,200.0,97,0.0,
TERRENO,baseline,teste_reservado,164385,2026-08-31,2034581,-3337|-4927,jardim floresta,1124.0,825000.0,2616106.307606069,12,11.955776210510638,200.0,97,0.0,,TERRENO,baseline,teste_reservado,2026-08-31,2034581,-3337|-4927,jardim floresta,1124.0,825000.0,2616106.307606069,12,11.955776210510638,200.0,97,0.0,
TERRENO,baseline,teste_reservado,164568,2026-09-01,100128269,-3340|-4922,mario quintana,158.8,22560.55,172814.3138087639,12,11.97487798434162,200.0,97,0.0,,TERRENO,baseline,teste_reservado,2026-09-01,100128269,-3340|-4922,mario quintana,158.8,22560.55,172814.3138087639,12,11.97487798434162,200.0,97,0.0,
TERRENO,baseline,teste_reservado,164684,2026-09-01,5509114,-3334|-4931,farrapos,7000.0,6884850.0,14068084.132267954,12,11.771239519925444,200.0,97,0.0,,TERRENO,baseline,teste_reservado,2026-09-01,5509114,-3334|-4931,farrapos,7000.0,6884850.0,14068084.132267954,12,11.771239519925444,200.0,97,0.0,
TERRENO,baseline,teste_reservado,164686,2026-09-01,5509130,-3334|-4931,farrapos,3000.0,2950650.0,3970553.675112232,12,11.94406328933339,200.0,97,0.0,,TERRENO,baseline,teste_reservado,2026-09-01,5509130,-3334|-4931,farrapos,3000.0,2950650.0,3970553.675112232,12,11.94406328933339,200.0,97,0.0,
TERRENO,baseline,teste_reservado,164687,2026-09-01,5509149,-3334|-4931,farrapos,3000.0,2950650.0,3970651.3144704862,12,11.943992367250708,200.0,97,0.0,,TERRENO,baseline,teste_reservado,2026-09-01,5509149,-3334|-4931,farrapos,3000.0,2950650.0,3970651.3144704862,12,11.943992367250708,200.0,97,0.0,
TERRENO,baseline,teste_reservado,165888,2026-09-04,10649301,-3341|-4921,mario quintana,341.0,250000.0,371279.9133033551,12,11.96255106762743,200.0,97,0.0,,TERRENO,baseline,teste_reservado,2026-09-04,10649301,-3341|-4921,mario quintana,341.0,250000.0,371279.9133033551,12,11.96255106762743,200.0,97,0.0,
TERRENO,baseline,teste_reservado,165393,2026-09-08,6340016,-3340|-4927,vila jardim,528.0,45000.0,461835.6769033798,12,11.955540019986882,200.0,97,0.0,,TERRENO,baseline,teste_reservado,2026-09-08,6340016,-3340|-4927,vila jardim,528.0,45000.0,461835.6769033798,12,11.955540019986882,200.0,97,0.0,
TERRENO,baseline,teste_reservado,165394,2026-09-08,26395,-3340|-4927,vila jardim,428.0,80000.0,495033.6284392742,12,11.8435610952463,200.0,97,0.0,,TERRENO,baseline,teste_reservado,2026-09-08,26395,-3340|-4927,vila jardim,428.0,80000.0,495033.6284392742,12,11.8435610952463,200.0,97,0.0,
TERRENO,baseline,teste_reservado,165395,2026-09-08,26263,-3340|-4927,vila jardim,533.0,100000.0,459189.15894635016,12,11.94284728763742,200.0,97,0.0,,TERRENO,baseline,teste_reservado,2026-09-08,26263,-3340|-4927,vila jardim,533.0,100000.0,459189.15894635016,12,11.94284728763742,200.0,97,0.0,
TERRENO,baseline,teste_reservado,165396,2026-09-08,26301,-3340|-4927,vila jardim,528.0,42000.0,464180.0634821108,12,11.9598018629756,200.0,97,0.0,,TERRENO,baseline,teste_reservado,2026-09-08,26301,-3340|-4927,vila jardim,528.0,42000.0,464180.0634821108,12,11.9598018629756,200.0,97,0.0,
TERRENO,baseline,teste_reservado,166048,2026-09-09,8296790,-3348|-4922,lomba pinheiro,305.0,60000.0,206830.8573826669,12,11.992747017308425,200.0,97,0.0,,TERRENO,baseline,teste_reservado,2026-09-09,8296790,-3348|-4922,lomba pinheiro,305.0,60000.0,206830.8573826669,12,11.992747017308425,200.0,97,0.0,
TERRENO,baseline,teste_reservado,165902,2026-09-10,100093274,-3355|-4931,aberta dos morr,172.83,129072.5,270564.9876078057,12,11.968257011517858,200.0,97,0.0,,TERRENO,baseline,teste_reservado,2026-09-10,100093274,-3355|-4931,aberta dos morr,172.83,129072.5,270564.9876078057,12,11.968257011517858,200.0,97,0.0,
TERRENO,baseline,teste_reservado,165960,2026-09-10,100134492,-3340|-4922,mario quintana,151.55,66960.0,154277.04286219872,12,11.904162288806068,200.0,97,0.0,,TERRENO,baseline,teste_reservado,2026-09-10,100134492,-3340|-4922,mario quintana,151.55,66960.0,154277.04286219872,12,11.904162288806068,200.0,97,0.0,
TERRENO,baseline,teste_reservado,166014,2026-09-10,1315668,-3337|-4921,rubem berta,300.0,185000.0,364044.514688768,12,11.781816838991196,200.0,97,0.0,,TERRENO,baseline,teste_reservado,2026-09-10,1315668,-3337|-4921,rubem berta,300.0,185000.0,364044.514688768,12,11.781816838991196,200.0,97,0.0,
TERRENO,baseline,teste_reservado,166070,2026-09-10,331406,-3342|-4932,azenha,1441.0,1367342.23,3208425.2141441656,12,11.610009058167597,200.0,97,0.0,,TERRENO,baseline,teste_reservado,2026-09-10,331406,-3342|-4932,azenha,1441.0,1367342.23,3208425.2141441656,12,11.610009058167597,200.0,97,0.0,
TERRENO,baseline,teste_reservado,166071,2026-09-10,470767,-3342|-4932,azenha,364.0,345379.49,1160406.098007602,12,11.95016057651699,200.0,97,0.0,,TERRENO,baseline,teste_reservado,2026-09-10,470767,-3342|-4932,azenha,364.0,345379.49,1160406.098007602,12,11.95016057651699,200.0,97,0.0,
TERRENO,baseline,teste_reservado,166072,2026-09-10,6792979,-3342|-4932,azenha,1711.0,1512278.27,1013210.887803846,12,11.891854013401698,200.0,97,0.0,,TERRENO,baseline,teste_reservado,2026-09-10,6792979,-3342|-4932,azenha,1711.0,1512278.27,1013210.887803846,12,11.891854013401698,200.0,97,0.0,
TERRENO,baseline,teste_reservado,166235,2026-09-11,2023733,-3344|-4934,santa tereza,1932.0,400000.0,1372042.477313138,12,11.985315126766942,200.0,97,0.0,,TERRENO,baseline,teste_reservado,2026-09-11,2023733,-3344|-4934,santa tereza,1932.0,400000.0,1372042.477313138,12,11.985315126766942,200.0,97,0.0,
TERRENO,baseline,teste_reservado,166319,2026-09-14,6044565,-3339|-4922,mario quintana,300.0,94000.0,344162.3691856301,12,11.83241506851573,200.0,97,0.0,,TERRENO,baseline,teste_reservado,2026-09-14,6044565,-3339|-4922,mario quintana,300.0,94000.0,344162.3691856301,12,11.83241506851573,200.0,97,0.0,
TERRENO,baseline,teste_reservado,166406,2026-09-14,100023011,-3353|-4933,espirito santo,484.0,230300.0,475141.3693063057,12,11.917434792081975,200.0,97,0.0,,TERRENO,baseline,teste_reservado,2026-09-14,100023011,-3353|-4933,espirito santo,484.0,230300.0,475141.3693063057,12,11.917434792081975,200.0,97,0.0,
TERRENO,baseline,teste_reservado,166498,2026-09-14,10157344,-3355|-4926,restinga,541.0,250000.0,509069.5570660769,12,11.99763535242718,200.0,97,0.0,,TERRENO,baseline,teste_reservado,2026-09-14,10157344,-3355|-4926,restinga,541.0,250000.0,509069.5570660769,12,11.99763535242718,200.0,97,0.0,
TERRENO,baseline,teste_reservado,166799,2026-09-15,10828427,-3355|-4930,hipica,140.0,250000.0,188152.30331188423,12,11.956292445281033,200.0,97,0.0,,TERRENO,baseline,teste_reservado,2026-09-15,10828427,-3355|-4930,hipica,140.0,250000.0,188152.30331188423,12,11.956292445281033,200.0,97,0.0,
TERRENO,baseline,teste_reservado,166969,2026-09-15,9589155,-3339|-4923,jar leopoldina,315.0,120000.0,379157.47960518906,12,11.810075418786209,200.0,97,0.0,,TERRENO,baseline,teste_reservado,2026-09-15,9589155,-3339|-4923,jar leopoldina,315.0,120000.0,379157.47960518906,12,11.810075418786209,200.0,97,0.0,
TERRENO,baseline,teste_reservado,167060,2026-09-15,9589163,-3339|-4923,jar leopoldina,300.0,120000.0,343717.1307818694,12,11.79474939004992,200.0,97,0.0,,TERRENO,baseline,teste_reservado,2026-09-15,9589163,-3339|-4923,jar leopoldina,300.0,120000.0,343717.1307818694,12,11.79474939004992,200.0,97,0.0,
TERRENO,baseline,teste_reservado,166801,2026-09-16,2343606,-3335|-4924,sarandi,961.0,317000.0,982487.7675049946,12,11.98854341381178,200.0,97,0.0,,TERRENO,baseline,teste_reservado,2026-09-16,2343606,-3335|-4924,sarandi,961.0,317000.0,982487.7675049946,12,11.98854341381178,200.0,97,0.0,
TERRENO,baseline,teste_reservado,166834,2026-09-17,100131331,-3347|-4924,lomba pinheiro,220.59,60000.0,259059.09684133544,12,11.938112830290844,200.0,97,0.0,,TERRENO,baseline,teste_reservado,2026-09-17,100131331,-3347|-4924,lomba pinheiro,220.59,60000.0,259059.09684133544,12,11.938112830290844,200.0,97,0.0,
TERRENO,baseline,teste_reservado,166908,2026-09-17,1936360,-3345|-4935,cristal,426.0,400000.0,519032.906378744,12,11.899310629927966,200.0,97,0.0,,TERRENO,baseline,teste_reservado,2026-09-17,1936360,-3345|-4935,cristal,426.0,400000.0,519032.906378744,12,11.899310629927966,200.0,97,0.0,
TERRENO,baseline,teste_reservado,166939,2026-09-17,9955712,-3337|-4922,parque sta fe,415.0,300000.0,507674.8731279526,12,11.796257640262588,200.0,97,0.0,,TERRENO,baseline,teste_reservado,2026-09-17,9955712,-3337|-4922,parque sta fe,415.0,300000.0,507674.8731279526,12,11.796257640262588,200.0,97,0.0,
TERRENO,baseline,teste_reservado,166970,2026-09-17,9609806,-3339|-4923,mario quintana,300.0,100000.0,321326.0158292984,12,11.802001364388715,200.0,97,0.0,,TERRENO,baseline,teste_reservado,2026-09-17,9609806,-3339|-4923,mario quintana,300.0,100000.0,321326.0158292984,12,11.802001364388715,200.0,97,0.0,
TERRENO,baseline,teste_reservado,166981,2026-09-17,1403834,-3342|-4933,azenha,337.08,727863.0,1174238.6987543593,12,11.93085703356002,200.0,97,0.0,,TERRENO,baseline,teste_reservado,2026-09-17,1403834,-3342|-4933,azenha,337.08,727863.0,1174238.6987543593,12,11.93085703356002,200.0,97,0.0,
TERRENO,baseline,teste_reservado,167061,2026-09-17,100093262,-3355|-4931,aberta dos morr,149.31,111460.76,233434.64396421448,12,11.964616663805849,200.0,97,0.0,,TERRENO,baseline,teste_reservado,2026-09-17,100093262,-3355|-4931,aberta dos morr,149.31,111460.76,233434.64396421448,12,11.964616663805849,200.0,97,0.0,
TERRENO,baseline,teste_reservado,167416,2026-09-17,9604472,-3339|-4923,mario quintana,300.0,100000.0,321351.76662349334,12,11.803941553370503,200.0,97,0.0,,TERRENO,baseline,teste_reservado,2026-09-17,9604472,-3339|-4923,mario quintana,300.0,100000.0,321351.76662349334,12,11.803941553370503,200.0,97,0.0,
TERRENO,baseline,teste_reservado,167162,2026-09-18,5443091,-3337|-4922,parque sta fe,358.0,250000.0,433327.1759788194,12,11.73294145663163,200.0,97,0.0,,TERRENO,baseline,teste_reservado,2026-09-18,5443091,-3337|-4922,parque sta fe,358.0,250000.0,433327.1759788194,12,11.73294145663163,200.0,97,0.0,
TERRENO,baseline,teste_reservado,167207,2026-09-21,9748725,-3354|-4928,hipica,125.0,14500.0,213939.5662667141,12,11.946099775306498,200.0,97,0.0,,TERRENO,baseline,teste_reservado,2026-09-21,9748725,-3354|-4928,hipica,125.0,14500.0,213939.5662667141,12,11.946099775306498,200.0,97,0.0,
TERRENO,baseline,teste_reservado,167452,2026-09-21,100100423,-3339|-4923,mario quintana,300.0,170000.0,321240.7180572184,12,11.80136768998799,200.0,97,0.0,,TERRENO,baseline,teste_reservado,2026-09-21,100100423,-3339|-4923,mario quintana,300.0,170000.0,321240.7180572184,12,11.80136768998799,200.0,97,0.0,
TERRENO,baseline,teste_reservado,167339,2026-09-22,11000406,-3356|-4929,ponta grossa,150.0,60000.0,256249.69490300468,12,11.946335591775618,200.0,97,0.0,,TERRENO,baseline,teste_reservado,2026-09-22,11000406,-3356|-4929,ponta grossa,150.0,60000.0,256249.69490300468,12,11.946335591775618,200.0,97,0.0,
TERRENO,baseline,teste_reservado,167422,2026-09-22,11181338,-3354|-4930,hipica,329.0,220900.0,447425.47680934,12,11.935496603515029,200.0,97,0.0,,TERRENO,baseline,teste_reservado,2026-09-22,11181338,-3354|-4930,hipica,329.0,220900.0,447425.47680934,12,11.935496603515029,200.0,97,0.0,
