config,n,mdape,mape,p90_ape,median_ratio,cod,prd,mean_abs_log,rmse,score,prb
f2400_w0.1_k5-5_e4,72,0.19935529758567794,0.6615658570165632,1.2806107303658043,0.9875742214964989,66.97718692264469,1.3546412412261053,0.38075321454814265,156002.29320881687,0.7062163201918483,-0.5930242148769436
f1200_w0.1_k5-15_e5,72,0.188553203095218,0.6510037805986,1.2998727116202407,0.9894810847710722,65.78823416706359,1.338386642994615,0.3925312904284875,160171.54448858244,0.7080216362854412,-0.53718717664131
f0_w0.1_k5-15_e5,72,0.20549487279647227,0.6525031223033078,1.30003249891044,0.9894785520769338,65.93992167613642,1.3390188658097124,0.3943623707666169,160396.29261903826,0.7104693478455604,-0.5366952370801576
f2400_w0.1_k5-15_e5,72,0.18858289468551814,0.6749800948154735,1.301030435098583,1.0000791725526799,67.4926659148997,1.3646516739431853,0.38656375032497325,159730.1822894313,0.7107846058953513,-0.604530967701251
f0_w0.1_k8-8_e6.4,72,0.2095129762288535,0.651890456865,1.1678790538605268,0.983042083167417,66.25691137944843,1.3421853411106335,0.3895374577194223,153761.35217508438,0.7108809791386803,-0.5462252313275233
f600_w0.1_k5-15_e5,72,0.2054949124894861,0.6527987453587968,1.2999504693093222,0.9894790572355925,65.96976320833839,1.3389995351992847,0.39479671454527154,160416.72255340553,0.7109708219381645,-0.5360462842799174
f1200_w0.1_k5-5_e4,72,0.19934507734632428,0.6512136202711891,1.279613194055871,0.977720419674748,66.50347318539441,1.3420289818467377,0.3874230780587253,156030.41919962555,0.7120388378203539,-0.5573365583195374
f0_w0.1_k8-24_e8,72,0.20108798730875976,0.6445837787633848,1.04618759052786,0.9705511037876589,66.13689708726207,1.3448689893693562,0.3849375687413128,146937.47282047343,0.7133737230701341,-0.57280583290589
f1200_w0.1_k8-8_e6.4,72,0.1936297330071004,0.6604140300224007,1.1676723277072076,0.9830455521192621,67.12374737414991,1.3508520394254964,0.3884576959058424,153637.24781902935,0.7151847411868897,-0.5669948530479041
f600_w0.1_k5-5_e4,72,0.2034039281425969,0.6545199751100526,1.2797118768959894,0.9777197305109498,66.84169585956766,1.3431246137208925,0.39070168682745177,156349.76448327446,0.7165713889536315,-0.557609732159457
f0_w0.1_k5-5_e4,72,0.2034062766020675,0.6545217889211502,1.279816298061083,0.9777187666145938,66.84194306948125,1.3431222299696002,0.3907026003154396,156353.7228768076,0.7165725260064483,-0.5576027956793919
f1200_w0.1_k8-24_e8,72,0.2009878182025257,0.6502923004704425,1.0460941144020166,0.9705462058410264,66.734956915627,1.3495888617155942,0.3851197308250073,146871.0650276366,0.7168052562887501,-0.5836104201816468
f2400_w0.1_k8-8_e6.4,72,0.1984552871840864,0.6817887386503136,1.1698197108628379,0.9922435933444582,68.71183076650314,1.3719966476865537,0.38317464220192043,152867.53535259183,0.716981084097326,-0.6196322852064506
f600_w0.1_k8-24_e8,72,0.20108540065895897,0.6504777383459494,1.046139820903703,0.9705462050736,66.74446888149902,1.3501699653200654,0.38551146585477297,146969.63584083284,0.7174360144152895,-0.5835462702433653
f600_w0.1_k8-8_e6.4,72,0.20950891495178692,0.6622399365244679,1.167774383912702,0.9830424374512223,67.30968616332946,1.351436530537848,0.39058480525557204,153811.90269865797,0.7179945765628297,-0.5659260945387713
f1800_w0.1_k5-5_e4,72,0.19935884468287424,0.6607850148884793,1.2794013033698821,0.9777200258045102,67.48242757903768,1.3508280202656207,0.3880815653359021,156091.52885157327,0.7184124717277836,-0.5748728503073408
f1800_w0.1_k5-15_e5,72,0.1885690430723297,0.6710592134191855,1.2997126931453724,0.9894837661048267,67.81492948079472,1.357713387389158,0.39301466672269636,160291.21681942526,0.7207389265014417,-0.5788825892734613
f1800_w0.1_k8-8_e6.4,72,0.19362991310478733,0.6767068566619012,1.1673998538084889,0.9830500690508328,68.78083693738836,1.3650967334495285,0.38964119729886604,154044.32036598565,0.7257535487969281,-0.5945921459777024
f1200_w0.45_k5-15_e5,72,0.20202944226828157,0.6763663051020886,1.3482425519566352,0.9760124648833375,69.18375255313781,1.3622349160853513,0.38666921750797223,162799.55315963906,0.7263318953301929,-0.5863694888104698
f1200_w0.45_k8-24_e8,72,0.1976724605138362,0.6684044863619114,1.0390830453608113,0.972627524308247,68.56999920817586,1.3739657054910928,0.3834713411481188,152186.21598949505,0.7276239969522993,-0.626024968074758
f1800_w0.1_k8-24_e8,72,0.2009951128507218,0.6714067665195392,1.045989636216227,0.9714279874938776,68.85139077056748,1.3684419111885882,0.3865209279917641,147074.12079186604,0.729979874674787,-0.619170765753474
f0_w0.1_k12-12_e9.6,72,0.21044655807989143,0.658610341511893,0.9315446901235784,0.9600365046265861,68.32246353931038,1.3536127689324655,0.3890879610107937,142837.6785824291,0.7316746762234887,-0.6017256115257542
f2400_w0.1_k8-24_e8,72,0.19837085639030472,0.6839208053118745,1.0482261937513493,0.9726801057459868,70.08677687250854,1.3791400515486565,0.3820633148469274,147520.68028930752,0.7318603449303358,-0.6475301041737551
f0_w0.1_k12-25_e11,72,0.21044655807989143,0.6557176040259808,0.9315203556002325,0.9556612332813785,68.22481768406983,1.3541106195604073,0.3874214975080255,142222.74276858155,0.7322318700790615,-0.6066815760904947
f1800_w0.25_k5-15_e5,72,0.2046096923344402,0.6824491184777716,1.240686101435765,0.972108800795645,69.97380461785541,1.3644230406385982,0.3881459104350614,154448.80204247098,0.7325900241008773,-0.5946731981594872
f1800_w0.45_k5-15_e5,72,0.20202452623368938,0.686006126872428,1.3483903300693845,0.9760171187490039,70.17111534373814,1.368885517568499,0.38821899155289963,163892.21070542771,0.7327828153982034,-0.5933603639993247
f2400_w0.25_k5-15_e5,72,0.204588035597357,0.697537801835242,1.3718686509280764,0.978822782596096,71.19330391415983,1.3730187193862988,0.38586211955217625,160542.95777516972,0.7330535954672627,-0.6150938838835703
f600_w0.45_k5-15_e5,72,0.20204611825277868,0.6746203351339894,1.3482166310546355,0.9639389072122155,69.78881278112408,1.3615584536038945,0.3859302952923772,162644.50171395313,0.7330809902898607,-0.584806103446026
f0_w0.25_k5-5_e4,72,0.20555509360510232,0.6806544324453405,1.2433331226207553,0.9659982193479146,70.27677937398524,1.3614473106860627,0.38618052209546944,157220.90619644124,0.7334432810403917,-0.564505878353166
f600_w0.25_k5-5_e4,72,0.20555498180465503,0.6806544135040838,1.2432950624100227,0.9659979272016206,70.27679599569375,1.3614496404285144,0.38618062824259297,157219.90078074858,0.7334444355682121,-0.5645102337970871
f2400_w0.25_k8-24_e8,72,0.1876409834752074,0.669906316730155,0.9469480250400923,0.9582769908946133,69.53138394092541,1.3930006435654907,0.3732485378788359,136542.73975071768,0.7341162802582919,-0.6955938540535836
f1200_w0.1_k12-25_e11,72,0.2104485173141723,0.6619873288268884,0.9314446466051635,0.9581455032385748,68.75759010767506,1.3590432494476892,0.3880286455730948,142199.53538802813,0.7346909155306323,-0.6185057888246105
f0_w0.45_k5-15_e5,72,0.21159512929994334,0.6758179797864501,1.3481956163570652,0.9639394205162126,69.91303524890054,1.3611363667015308,0.3874317004229283,162669.91814803038,0.7347376599173837,-0.5807394381155521
f600_w0.1_k12-12_e9.6,72,0.21044644751236086,0.6642685220669713,0.9315053639165181,0.9600350287898257,68.91191788423103,1.358700129624414,0.38960270392731405,142872.27003741305,0.7355394798951929,-0.611212188004516
f1200_w0.1_k12-12_e9.6,72,0.2104485173141723,0.6651312455590179,0.9314689302081142,0.9600358922738699,69.00171905931099,1.3584399699802518,0.3899340529601258,142793.8640110695,0.7359991345504702,-0.6138683183724005
f600_w0.1_k12-25_e11,72,0.21044644751236086,0.6613789671545189,0.9314810293931721,0.9556604335069607,68.81724499151835,1.359215139535379,0.3879366507475366,142257.5455189099,0.7361097902167352,-0.6162032174739644
f1200_w0.25_k8-24_e8,72,0.1876892356798262,0.6558785207424113,0.9221006267211319,0.9501400976976873,68.55892051360655,1.3851265841202673,0.37628589607831625,133499.41231430988,0.7361518803319677,-0.6688208736131038
f2400_w0.25_k5-5_e4,72,0.20720034126744358,0.7013516934537751,1.5088090538198846,0.9764907539490775,71.65729721351381,1.3784078481008963,0.38495371203557427,165494.46893735323,0.7364565036287007,-0.6049002180486993
f1200_w0.6_k5-15_e5,72,0.2016035365587323,0.6732288868026638,1.3550526145946615,0.9577801147759406,70.00355055393389,1.3572974595710756,0.38718696897394417,162296.14931447568,0.7365121520008114,-0.5818086557315882
f2400_w0.25_k8-8_e6.4,72,0.19496500069064437,0.6874890641334573,1.0895816707638315,0.9704103581549899,70.7049931591947,1.3895492102388596,0.3810808949388853,147415.2605344587,0.7373511941683665,-0.6624780096179519
f2400_w0.45_k5-15_e5,72,0.2020098471714455,0.7014118327617301,1.360938485055033,0.975995389784525,71.72804071671239,1.384799941291841,0.3834852615926346,164712.12666436008,0.7377319127078191,-0.629804131589279
f1200_w0.25_k8-8_e6.4,72,0.19590867082463254,0.6788380697800174,1.025801481786536,0.9625869777066223,70.25183989603006,1.3773684452626085,0.38326891999646967,146717.0999012,0.738051322440122,-0.6275522653118152
f600_w0.45_k8-24_e8,72,0.215989291108857,0.6704568452307007,1.0391441050496653,0.9606688217060242,69.55080439998336,1.3736530293497362,0.3855953266327911,152527.5351405096,0.7382719295238688,-0.6269939728937123
f2400_w0.6_k5-5_e4,72,0.2215785239764193,0.6946839866291611,1.2927460860424,0.9686251875828285,71.56182896421477,1.3694087523732914,0.3863317526986802,164389.600701946,0.7383646372673972,-0.6035712816163078
f0_w0.25_k8-24_e8,72,0.19757504825962463,0.654681425309957,0.9221030044255021,0.9448832109001494,68.5902417287584,1.384992537848518,0.37571023220766253,133448.08724930944,0.7383801851618821,-0.6672181683395836
f600_w0.25_k8-24_e8,72,0.1975772844484034,0.654682660951966,0.9221030862591757,0.944883435285135,68.59035449706283,1.3849977611761628,0.3757098617743877,133446.69796206127,0.7383818635969476,-0.6672298095730668
f0_w0.45_k8-24_e8,72,0.21598908762178143,0.6706390174039121,1.0392111058570994,0.9606645892026968,69.57008210548096,1.373583973219348,0.3858001379466697,152531.56465671095,0.7385020014249019,-0.6264054140955484
f2400_w0.45_k8-24_e8,72,0.1843710842245293,0.6953532786358756,1.048021563134982,0.9732560708030724,71.33088718605084,1.3921309941190692,0.3818530938808736,153777.46535630894,0.7391521704988828,-0.6653122635596248
f2400_w0.1_k24-24_e19.2,72,0.22497682041931422,0.689950010064232,0.8872293202538867,0.9849959782285354,69.96201798106925,1.4045920294583067,0.38690064687681364,148372.63479942718,0.7392379973108996,-0.6899715662717646
f1800_w0.45_k8-24_e8,72,0.19770715528872718,0.6849678552075207,1.0389936765446184,0.9726120443718993,70.27416023408794,1.3853362140669032,0.38725630490401197,152972.52900962337,0.7397981362005017,-0.6420737904041901
f2400_w0.1_k12-12_e9.6,72,0.21451491322520572,0.6811360131486907,0.978647538087165,0.9610915358260653,70.59262941921315,1.3752301741369042,0.384736219458432,144262.31760113564,0.7403711632212491,-0.6534356341970959
f2400_w0.1_k12-25_e11,72,0.21451491322520572,0.6800906452321985,0.9776224542285895,0.9587570369615455,70.65940826683888,1.3775110431654807,0.38263563332386336,144126.2670156313,0.7404820867070807,-0.655845312996296
f0_w0.25_k5-15_e5,72,0.20461914980360763,0.6799039928113223,1.2408082651880763,0.9623094839887665,70.34709658915123,1.3651081300107863,0.39006886655168976,154977.48064118484,0.7407630143996827,-0.5872176525141883
f600_w0.25_k5-15_e5,72,0.2046156405773677,0.6799035940164866,1.2407773417748833,0.9623089438135466,70.34711628979339,1.3651096244328027,0.39006838286730416,154976.50967561622,0.7407634079967121,-0.5872210973192887
f600_w0.6_k5-15_e5,72,0.20160487884945433,0.6764354209537262,1.3550313100848919,0.9556911132317105,70.37517822318871,1.356359085350527,0.389863733335014,162831.38015662602,0.7408639229534919,-0.5796182405912159
f1800_w0.25_k8-8_e6.4,72,0.20743295409461793,0.6844679483245014,1.0256810105467284,0.9625887835205942,70.83667897369301,1.3818382403714287,0.38331574536190277,146956.15651091764,0.741179265527266,-0.6394447055043333
f0_w0.6_k5-15_e5,72,0.20160470126197194,0.6769522088138858,1.3550153617647545,0.9556917420575399,70.42922337004507,1.356175810516439,0.3904628585159769,162838.48002880748,0.7415302661216145,-0.5780018395314624
f1200_w0.25_k5-5_e4,72,0.21989188194154607,0.6878999521115058,1.2432591598106744,0.966000655441628,71.0266745080532,1.3639121195604125,0.3915773463212468,157535.20877154672,0.7416179801562515,-0.5748608076927704
f2400_w0.45_k8-8_e6.4,72,0.18702099514463527,0.6890057474651005,1.1831985514226344,0.9645679656052099,71.14821027060161,1.385399815564722,0.382753871864671,156785.45114649483,0.7416562752447347,-0.6496301432200948
f2400_w0.25_k12-12_e9.6,72,0.1797586025319231,0.6804866794818065,0.9750742955938762,0.9505426518464688,71.21611057149005,1.3868739388906008,0.3750864970371918,141617.86859443088,0.7420140207627076,-0.6908850879897755
f1200_w0.1_k12-36_e12,72,0.21207946332210853,0.663330686801682,0.9240495502755456,0.9492262819347024,69.65017745812358,1.3646560680867879,0.38681567406265993,141428.06008563677,0.7424463669128022,-0.6265639272969369
f1200_w0.25_k12-12_e9.6,72,0.17799179094192413,0.6538458126549362,0.9593860457016087,0.9326346699072621,69.57962704263161,1.368838386700412,0.3766804084241244,137997.8196458119,0.7424815795389307,-0.6556652432579927
f1800_w0.1_k12-12_e9.6,72,0.21044152527369908,0.6776824336163432,0.9314047306517278,0.9635906423759786,70.08210167421292,1.3686960864668012,0.3918093359131814,143017.16228687504,0.7424882122592882,-0.6328260582073376
f0_w0.1_k12-36_e12,72,0.21208831102186776,0.6627016526623096,0.924054116606254,0.9492319642580616,69.5835196187692,1.3644761087963873,0.38713903492294477,141523.7614938343,0.7425341499340355,-0.6255919583155454
f0_w0.25_k12-12_e9.6,72,0.18300728033257857,0.6532620420117039,0.9593995752961426,0.9326407785850543,69.47301701449186,1.3688750512734726,0.3772749421184724,138020.25590605938,0.7428197056233313,-0.6536353368961845
f1800_w0.25_k5-5_e4,72,0.21988523945738125,0.6901829468631593,1.2431849823067707,0.9660030290014239,71.26288261396778,1.3662705670462945,0.3913639642720065,157548.98619308023,0.7428577324096219,-0.5794957575606338
f600_w0.1_k12-36_e12,72,0.21208986276954478,0.6635982836481195,0.9240520134188024,0.9492318825241999,69.67794484439672,1.3652881185316392,0.3872208644605062,141528.92802949972,0.7431495507506981,-0.6271326873213336
f600_w0.45_k12-12_e9.6,72,0.18047094834271515,0.6671888452649246,0.9596062866101549,0.9418787780570126,70.15911663725896,1.366357631561758,0.38177709481710187,146725.21997946827,0.7431885037231778,-0.6368542822462102
f600_w0.25_k12-12_e9.6,72,0.18300514611727464,0.6538412503821119,0.959393158122811,0.9326354503201477,69.53549765839699,1.3694057583062162,0.37732465431121437,138022.78839369648,0.7432222862864338,-0.6545570941460499
f1800_w0.25_k8-24_e8,72,0.19701313578915763,0.6664202288250147,0.9238016911617698,0.9501524876212084,69.66748324959067,1.3938668460073431,0.37760970445994135,133845.91356119455,0.7433857037816974,-0.6878656576269135
f0_w0.45_k12-12_e9.6,72,0.1804715128220135,0.667416720138545,0.9596157687626818,0.9418792337819186,70.18329922590141,1.366272129541262,0.38203518827730326,146730.68050630964,0.7434755224506893,-0.6360905273657592
f1200_w0.45_k12-12_e9.6,72,0.18045709143586097,0.6680698116445265,0.9595964722785386,0.9418829459249779,70.2523916109644,1.3662222436854576,0.3819945684107797,146698.0187016229,0.7435874064196749,-0.6396797317627533
f1200_w0.25_k5-15_e5,72,0.20459930545306132,0.6829509153640554,1.2407476336359708,0.9623129161340869,70.69934124792371,1.365579466752124,0.39189761225318126,154940.03488804825,0.7436431958143019,-0.5928132195393919
f1800_w0.1_k12-25_e11,72,0.21044152527369908,0.6749561164727041,0.9313806946601838,0.958134945859187,70.11180688051117,1.3700306751724627,0.3900855314505567,142485.22522721413,0.7441649381976594,-0.6407755813637396
f2400_w0.6_k5-15_e5,72,0.21413505373589214,0.7040041566094443,1.3570988018977506,0.9691617530548151,72.41509074717531,1.3831655207260267,0.38539742545490957,163332.0800411321,0.7442843928740441,-0.6340070075742457
f2400_w0.1_k12-36_e12,72,0.199685628281831,0.6904738379910853,0.9820270771279427,0.9639417481805734,71.43599608171003,1.3830062227496671,0.3859969371736208,148090.47108262283,0.7450789101408568,-0.652644936912861
f0_w0.25_k12-36_e12,72,0.18973086469742717,0.6512614708290348,0.9720118968073955,0.9243104678755306,69.48872966449588,1.369148436103125,0.37516274519777465,137049.91092906756,0.7453326826967988,-0.6680806410760488
f1200_w0.6_k5-5_e4,72,0.2159218161168513,0.6810696474981897,1.290433170709015,0.9553848306073824,70.9914980137741,1.3632984382753626,0.3903427802170053,163464.13421715415,0.7455955959238356,-0.5894582715817721
f2400_w0.25_k12-36_e12,72,0.19018549332059775,0.6759830459463119,0.9846368497502417,0.9424725514937302,71.18662070281047,1.3836512662488034,0.3760226386361527,141577.60934725084,0.7459763570723073,-0.6926186509229557
f1200_w0.45_k8-8_e6.4,72,0.2030819028685783,0.677875396926315,1.14537111578739,0.9551407236228202,70.57724784597809,1.3755672363170082,0.38777241896371595,154485.34490066717,0.7465969267439586,-0.6219639183930019
f600_w0.45_k8-8_e6.4,72,0.21217622833043692,0.6779361689195784,1.1453815457820489,0.9551370309778369,70.5488256814498,1.3755282154094204,0.38830427788835364,154505.99489062923,0.7470454795272587,-0.6200225808464244
f600_w0.25_k8-8_e6.4,72,0.2063239404908962,0.6804713805627735,1.0265137611410022,0.9526441572364213,71.0870256602395,1.3772927115277818,0.38520022089200473,146811.59140684886,0.7472345882050528,-0.6270291592192101
f0_w0.25_k8-8_e6.4,72,0.20632703422765092,0.6804728824313013,1.0265880822190163,0.9526441572364213,71.08718035608275,1.377289903976996,0.38520096696203004,146813.72119689453,0.7472347017855769,-0.6270220566378191
f0_w0.45_k8-8_e6.4,72,0.2121753018047025,0.6781392091802729,1.145394908172112,0.9551381473705859,70.56997543196388,1.3754560924592842,0.3885415401391333,154509.55184774214,0.7473088145962775,-0.6193444639100312
f2400_w0.75_k5-5_e4,72,0.20959636347747845,0.7127566273673982,1.39050318036082,0.9706060692549012,73.21119001760047,1.3742951890755841,0.39059297637815316,171363.66725436438,0.7475087508576191,-0.6129056496137889
f1200_w0.45_k16-16_e12.8,72,0.19846490040808112,0.6592069711256493,1.0322298595588935,0.9257832165750606,70.44002080502229,1.3687633323890827,0.37648685275659893,139382.40743481324,0.7480983218727444,-0.679538313461651
f1800_w0.6_k5-15_e5,72,0.20833182073550616,0.6909502080018041,1.355209449913354,0.9577818947194785,71.85391915549545,1.3719067034673607,0.3898437351768411,162586.501438007,0.7491468934866732,-0.6076564448972501
f2400_w0.1_k32-32_e25.6,72,0.24207093351042314,0.6865697989813846,0.8596210525527068,0.9740579611247868,70.40707284767788,1.4111270889795056,0.3879139977944186,146947.26585409624,0.7492682837793971,-0.716114905891496
f600_w0.25_k12-36_e12,72,0.18973064375666188,0.657605950403918,0.9720082000715035,0.9243102143640224,70.17512638152617,1.374929614726269,0.37570414535406244,137094.02174403632,0.7496969984939983,-0.6781236724887605
f1200_w0.25_k12-36_e12,72,0.18973503634351013,0.6580569247156752,0.9720038921759828,0.9243122587408583,70.32255337028961,1.3747322917949636,0.3757477089707801,137126.37230820823,0.7500362610745649,-0.6793472005637173
f1200_w0.25_k12-25_e11,72,0.1872510875114221,0.6564947851545435,0.9593860457016087,0.9270797480994519,70.0038001764877,1.3731511305481376,0.37870260328502753,138894.6550993952,0.7501240451874474,-0.6672375334475839
f1800_w0.1_k12-36_e12,72,0.2121113250808444,0.675239912435347,0.9240457841515057,0.9492249176966954,70.90480472345341,1.375639600704739,0.38737099609467013,141654.88124636133,0.7501471532115425,-0.6488218029926653
f1200_w0.25_k16-16_e12.8,72,0.18585441650618495,0.657759949985685,0.9724900192524738,0.9282045738405647,69.91706170362365,1.3687553948677995,0.3813442623549716,140011.8477161857,0.7503394069002922,-0.659990432422696
f600_w0.45_k16-16_e12.8,72,0.19847426915409205,0.6586936325739564,1.032232774554087,0.9211301635235634,70.5677405938979,1.3685204498808532,0.3760956549612028,140027.71138472366,0.7504570649001319,-0.6787386430289982
f2400_w0.45_k12-12_e9.6,72,0.17390598542679647,0.6913542530812321,0.9697145628126548,0.9443888473061155,72.59694702268072,1.3829572622977004,0.3784202691482028,148918.73674892887,0.7506333532875151,-0.6782636580924514
f1800_w0.6_k5-5_e4,72,0.22218213203701886,0.6889010021523689,1.290490130560362,0.9554464652755783,71.80691791497124,1.3684025273317195,0.39198321158437105,163724.76892732477,0.7511107893141775,-0.5979115331157094
f0_w0.45_k16-16_e12.8,72,0.19847425714272932,0.6605386905286408,1.0322357760295566,0.921131381455502,70.76796044904334,1.3700956514910476,0.3763498513019786,140046.00316669105,0.7517863314422549,-0.6810767446167387
f0_w0.25_k12-25_e11,72,0.19096461243921486,0.6560238622538603,0.9593995752961426,0.9251107440655664,70.04967361016777,1.373179124070439,0.37942055242987155,138918.85804081964,0.7520299391613652,-0.6657269187877163
f2400_w0.45_k16-16_e12.8,72,0.19209716841094404,0.681954163462791,1.0485343128278457,0.9361013510113774,72.35705721579936,1.3822618063484011,0.3765879670707075,142970.1776857197,0.7523569475950109,-0.708293148414135
f600_w0.25_k12-25_e11,72,0.19096247822391094,0.6566027188586107,0.959393158122811,0.9251108630000655,70.11222817563802,1.3737115461760938,0.3794702042404164,138921.37468833308,0.7524297402989075,-0.666657169564918
f2400_w0.6_k16-48_e16,72,0.21127421143458386,0.6957084845887628,1.2285359449291235,0.9512698760717244,72.59246627670314,1.384085821588158,0.38355668099698054,150131.19123971538,0.7525365169026192,-0.6944920183362766
f0_w0.1_k32-32_e25.6,72,0.2457152435974585,0.6673104601247771,0.8389427167533949,0.9575806833453867,69.20477280334362,1.3997226882265283,0.3897579380794547,144149.69517032252,0.7525795871125797,-0.6882307419423539
f1800_w0.25_k12-12_e9.6,72,0.17590865079792706,0.6696976862805804,0.9593717407092825,0.9326369087845161,71.27903964215116,1.3826854006616685,0.37764676376073,138804.56802918308,0.7527277978427375,-0.6825625842159847
f600_w0.6_k8-8_e6.4,72,0.22769430010525615,0.6969958438091634,1.1484239767559818,0.9639590494612473,71.97500172945904,1.3811903328182875,0.392993511156551,159048.4964094027,0.752757091718761,-0.6153993164528666
f0_w0.25_k16-16_e12.8,72,0.18584892238133666,0.6577551168730468,0.9724964897713301,0.925597894238912,69.9611277173588,1.3682331594999373,0.38245945141725374,140049.94014669838,0.7527800812288522,-0.6589287847956773
f0_w0.6_k8-8_e6.4,72,0.22769430010525615,0.6970390205792039,1.1484402736345019,0.963959267370083,71.9794314325814,1.3811748274462088,0.393042944867442,159049.75054684188,0.7528118735810632,-0.6152582529787819
f1200_w0.45_k16-48_e16,72,0.2120862349549147,0.6671773842005592,1.0553248670059097,0.9300223006198213,70.8989124797535,1.378537480990984,0.37888209189080335,140596.72821483325,0.7529143004730481,-0.6893527854221523
f600_w0.6_k8-24_e8,72,0.2140954298790268,0.6847602476264001,1.0253198146098617,0.9532708990040375,71.58538214972518,1.3846723884491154,0.3873604537850995,152365.8039626764,0.7529837719388206,-0.6504916822201722
f2400_w0.45_k16-48_e16,72,0.2091005844386154,0.6898126248300916,1.072137161827153,0.9468858004895883,72.34650842373867,1.3908818898722473,0.3798781880537845,145253.92790364567,0.7530018506129306,-0.7103021881424968
f0_w0.6_k8-24_e8,72,0.21409439757530302,0.6848500169068815,1.0252936502346908,0.9532724913897709,71.59467281049592,1.3846373795318767,0.38746432569527467,152366.15890808046,0.7530973935312101,-0.6501770141924891
f2400_w0.6_k8-24_e8,72,0.20728773693838481,0.6992380461315556,1.1182030307405404,0.9571079462280687,72.84804643695226,1.3875042353849179,0.38546942102866405,155647.35028555704,0.7532623954096098,-0.6663957397845213
f1200_w0.45_k5-5_e4,72,0.20710392350368007,0.6868591276614163,1.4699583405507757,0.9483343177360835,71.93374630548338,1.3623618491644753,0.3923870902025461,173084.36191991612,0.7533554711470587,-0.5687105148455449
f600_w0.25_k16-16_e12.8,72,0.18584867527609555,0.6587780323859509,0.9724935205749277,0.9255997061880223,70.07148515121523,1.3691670824537792,0.3825484259786935,140056.22329919948,0.7534851420924735,-0.6605750423936984
f600_w0.45_k5-5_e4,72,0.20712744012896267,0.6842688813943537,1.469973862719224,0.9446721206620082,71.84486202268974,1.3609139813832272,0.39138515374050736,172891.82282487705,0.7535342553560472,-0.5603169965357215
f1200_w0.1_k32-32_e25.6,72,0.24571661611304868,0.6708804953886724,0.8389409254482645,0.9606529894838292,69.57024531319578,1.4023304244989563,0.3905512554265551,144525.41660287906,0.7536156037230812,-0.6933578869863953
f600_w0.6_k5-5_e4,72,0.21196186862187183,0.6820109020871981,1.2904464206104438,0.9451956276977432,71.70780790626463,1.3635242899068885,0.3913672108406366,163481.70347474745,0.7538547791066025,-0.5915975052306156
f600_w0.1_k32-32_e25.6,72,0.2457152435974585,0.6692151507632818,0.8389426292505369,0.9575847589463012,69.40741961437918,1.4017446391575563,0.39001432669471564,144308.06291082402,0.7540622119176649,-0.6914563357499679
f1200_w0.6_k16-16_e12.8,72,0.20638084289283187,0.6719823549941316,0.9817437697163289,0.9324044269263672,71.15651947884189,1.3782574469565754,0.38082658001186787,140349.08106485364,0.7541221815183792,-0.680192418671558
f1200_w0.75_k5-15_e5,72,0.21280215044862572,0.6926863277900208,1.2757574577253792,0.9534092853740793,72.22035697495367,1.3640527740460873,0.3946152025608649,162584.34886141223,0.7542517181779753,-0.5889626223030178
f0_w0.6_k16-16_e12.8,72,0.2040060274736693,0.6701554998261877,0.9817597246788445,0.9307283917911959,71.00565225538428,1.3776019734831306,0.38067629625643784,140286.62525026238,0.754256461720576,-0.6783530899233106
f1800_w0.45_k8-8_e6.4,72,0.20309678008330168,0.6891836541957155,1.145400437948481,0.9551462119404758,71.76079759265141,1.3853358475104873,0.38931568543514194,154637.20461718718,0.7546344034831183,-0.6401604307975044
f1800_w0.45_k12-12_e9.6,72,0.17549938488586148,0.683615230739982,0.9595761887952493,0.9418998891905925,71.90159679432332,1.37758607945738,0.3849305479462164,147427.03606518405,0.7547790571893739,-0.6585551273336968
f1200_w0.6_k8-8_e6.4,72,0.2276771375472097,0.6987652073558941,1.1484116548182868,0.9639592409075628,72.21971935282943,1.3814089463827939,0.39442673774686826,159112.52478826774,0.7548811463536216,-0.6177869471018659
f0_w0.1_k16-16_e12.8,72,0.22998601395705065,0.6576334407789501,0.9557150724075704,0.9299017682290802,70.11545591175185,1.3579927180713394,0.39026627717542617,146013.97010112015,0.7548969123802559,-0.6026268676841833
f600_w0.6_k16-16_e12.8,72,0.2040060829734946,0.671437560112436,0.9817508702740528,0.9307285547328286,71.14338022284662,1.3788971729148713,0.380672591227402,140293.10087057858,0.7550668602631605,-0.6806209359493427
f0_w0.45_k5-5_e4,72,0.20712902013947898,0.6853495061879398,1.4699866197789397,0.9446627318186065,71.95990890595637,1.3605327357242878,0.3928370736623642,172919.59048040138,0.7551386725417404,-0.5564019032625442
f0_w0.6_k5-5_e4,72,0.21725772141942729,0.6830335510508991,1.2904785817920288,0.9451945263647965,71.81608217651859,1.3631637417153788,0.39260997842682305,163500.74802100833,0.7552365856112391,-0.5881470826912237
f600_w0.45_k16-48_e16,72,0.21427574537260696,0.6672075483733975,1.055326977622713,0.9267239471799098,71.05145538518113,1.3787730077825493,0.37909901658550393,140655.36535435106,0.7553744191686543,-0.6894512889933969
f1800_w0.45_k16-16_e12.8,72,0.19845014920242332,0.6706513606493303,1.032231026925457,0.9257802708115835,71.67630983345923,1.3771428542079884,0.37824548911566436,139494.25283312623,0.7560009229341906,-0.6955636836427697
f2400_w0.25_k16-16_e12.8,72,0.18009615905589627,0.6821377138541762,0.9791693334224206,0.9371862112975906,72.1755689469992,1.3885636794609828,0.3792514848836183,142591.49760779273,0.7562619941913081,-0.698526720006238
f0_w0.45_k16-48_e16,72,0.21209736998030398,0.668710910519827,1.0553295259814444,0.9267230314174186,71.21376274111122,1.3798540410313482,0.3792918988492224,140609.08711856854,0.7563654375777566,-0.6908860639553953
f2400_w0.25_k12-25_e11,72,0.19562471905729628,0.6820708378234195,0.9750742955938762,0.9360890589040172,72.3859020781931,1.3904217034089066,0.3776208121925111,142153.01009669324,0.7564114391417995,-0.7051176394797807
f600_w0.75_k5-15_e5,72,0.1954474077928594,0.6931526426605283,1.275759441923246,0.9511951498664741,72.29655333551328,1.3639814247322855,0.3955170607331451,162596.57489743287,0.7564804309112083,-0.5857319158386596
f1200_w0.6_k8-24_e8,72,0.21409048292391708,0.6878912173844725,1.0253496548737224,0.9532786511687468,71.913278686866,1.3851509725749458,0.38986977992240957,152500.1307325626,0.7564815584211987,-0.6538554412604963
f0_w0.75_k5-15_e5,72,0.19544752131375148,0.6931803947780053,1.275761441870114,0.9511959391832032,72.29941101490721,1.36397266871268,0.3955483627800657,162596.61467662363,0.7565152525102852,-0.5856477891540827
f1800_w0.1_k24-24_e19.2,72,0.23070808705153378,0.6780827338099658,0.911850786223967,0.9552476359263005,70.63280073182607,1.3993642700762252,0.38958410187331816,143627.62229183465,0.757067457786549,-0.6962248891692802
f2400_w0.25_k16-48_e16,72,0.19604577014215924,0.6847175421854863,0.9690195582936976,0.9414080350987919,72.30916275264443,1.39477231356688,0.38004685420764706,143960.31470957593,0.7573746614178705,-0.7096552650258604
f1200_w0.45_k12-36_e12,72,0.18414753332341427,0.6628193872906042,0.9636333708478455,0.921084643299629,70.98696759505796,1.374199739482106,0.38010048380314043,139454.0864869273,0.7576053514385056,-0.6733403235331374
f600_w0.1_k16-16_e12.8,72,0.22998589632897326,0.6618028121602942,0.9557178724354413,0.9299017815980564,70.563838079439,1.36177973125866,0.39064310173311445,146040.01477111282,0.7577870868146069,-0.6095394395229646
f1200_w0.1_k48-48_e38.4,72,0.2626372486094089,0.6776366021422212,0.7791453459955431,0.9699449442526565,69.70083963958898,1.4208529497547078,0.39287684596043926,143524.6630322374,0.7580156089209827,-0.7243590051289588
f1800_w0.1_k32-32_e25.6,72,0.24571939169539708,0.6788201280137922,0.8395574654474063,0.9606386888343266,70.44224356453465,1.4087036653985303,0.3907851457486463,145084.29207544954,0.7583041597193949,-0.7082174275997499
f1200_w0.1_k24-24_e19.2,72,0.2307232510115046,0.6673988759767329,0.9070305710279029,0.9440810472973185,70.25902638383891,1.3899128182789844,0.38941035893634734,143376.27802163284,0.7584500678195051,-0.6809356980387138
f1800_w0.6_k16-16_e12.8,72,0.2130685452758233,0.6814412096652372,0.9817363371945962,0.932394398794136,72.25328380832354,1.383907625142676,0.38048107151113353,139442.95055519725,0.7585695256652976,-0.6921173923353356
f0_w0.1_k48-48_e38.4,72,0.26262878504731907,0.6750087276915843,0.7791466214982218,0.9655727200592559,69.734853767094,1.4199867043375196,0.3914301877981442,143427.07946798773,0.7586080071295828,-0.72193431001549
f1200_w0.1_k16-16_e12.8,72,0.23832485364722794,0.6623505341307857,0.9557236232305687,0.9299035378287364,70.63635744817809,1.363162971808867,0.3908207568955546,146577.27344388288,0.7586527180181597,-0.6133669870473849
f1800_w0.1_k48-48_e38.4,72,0.2609771417367092,0.6870247184738546,0.7846818763922232,0.9767867888129056,70.24477405556898,1.4256257922680724,0.3941447193168714,144958.1023237789,0.7588055299726093,-0.7344438120628655
f600_w0.1_k48-48_e38.4,72,0.2626320474033654,0.6758578694137442,0.7791466524617547,0.9655717416976408,69.82287130804636,1.4208103211557455,0.39149641646721517,143431.4707459554,0.7591847108385319,-0.7242002474154836
f2400_w0.6_k8-8_e6.4,72,0.21544479940207556,0.7157374135003631,1.2167409163044134,0.9673611809379035,73.74903634159831,1.391733545103819,0.3930206633404982,162565.30869502202,0.7592599899192692,-0.646510245067287
f1800_w0.25_k16-16_e12.8,72,0.18583250045959365,0.6712533130450693,0.9724848907371495,0.9282072607463768,71.37050373903489,1.3805398965561746,0.3824868223603561,140594.0342956929,0.7594005226373197,-0.6818326608471178
f2400_w0.6_k16-16_e12.8,72,0.20613940928248747,0.6957008721617335,1.162239948834128,0.9370707244800744,73.69049597150455,1.3850838616997692,0.38001293985308976,147447.0497860769,0.759617783612286,-0.698247464040795
f2400_w0.1_k16-48_e16,72,0.2181344023296669,0.6908099201429434,0.9721107573387909,0.9492338807616063,72.56300570080738,1.38803252717294,0.3884789481381871,151155.9476774822,0.7598801410964573,-0.662179879224715
f2400_w0.1_k48-48_e38.4,72,0.24637059796943345,0.6955293385112757,0.8082541939542381,0.9769048887357026,71.14102828056453,1.4295893245816385,0.39166764077980853,145458.94879753437,0.7598968111906136,-0.7551138866669234
f1200_w0.6_k12-12_e9.6,72,0.20385600095242262,0.6788300219632807,0.9182139397534955,0.9364334941683826,71.8196008995118,1.383239835210588,0.3853605612895483,145491.10732109324,0.7599621781428004,-0.6689949114924861
f1800_w0.6_k8-24_e8,72,0.21411252957829824,0.6955353856953914,1.025514409305181,0.9532728868235777,72.72429407748233,1.3888613338537368,0.39045474111701545,151849.2006269464,0.7604346255238663,-0.6628406281594907
f0_w0.1_k24-24_e19.2,72,0.23071900158699876,0.6628673113934425,0.9070311863199197,0.9363629361307686,70.20126201725175,1.3851691990300283,0.38923848877333744,142992.36078095782,0.760528855279933,-0.6725889607059616
f1800_w0.25_k12-25_e11,72,0.17719189844916294,0.6719941970362034,0.9593717407092825,0.9271274386629469,71.67222010209777,1.38592487706722,0.3805011621903797,139748.3528846584,0.7606976857595057,-0.6899405160860683
f1200_w0.75_k8-8_e6.4,72,0.20744240207626002,0.6975076541497551,1.1798563010569674,0.9597093492825034,72.35015360351626,1.378897256222224,0.3986312294726878,152869.49104550976,0.7607110592607007,-0.6185415642474598
f1800_w0.45_k16-48_e16,72,0.21430179032182767,0.6771397714146143,1.055328592329358,0.930009955081633,72.01804928503341,1.3843084023823167,0.38183729820595075,141715.6098574936,0.7607627489016308,-0.6983903326997253
f0_w0.6_k12-12_e9.6,72,0.2038713946882466,0.6791947503376746,0.9182223253375805,0.9364439914473858,71.85783378170663,1.3838567981363843,0.386095290767143,145582.68526774435,0.7610098489331156,-0.6683723513566918
f600_w0.6_k12-12_e9.6,72,0.2038713373057528,0.6791963497084184,0.9182174815346712,0.9364398172607766,71.85828592026769,1.3838613910518764,0.3860942488708885,145581.3755305836,0.7610138255907951,-0.6683867611867403
f2400_w0.6_k12-12_e9.6,72,0.19247516676279414,0.6973678203863884,0.9297499441021108,0.9414417204200698,73.60638851801423,1.397907938725563,0.379436070351888,146744.42026825045,0.761111853192814,-0.7060943174492843
f1800_w0.45_k5-5_e4,72,0.21783145810913573,0.6978972704285437,1.469945867951217,0.9483766692739835,73.0945107451188,1.3702484029728563,0.3944190038693124,173371.03218618385,0.7611530630456189,-0.5801433857357742
f2400_w0.1_k16-16_e12.8,72,0.22880489712768892,0.694835765474833,1.0121257864181086,0.9507398189747938,72.70369855930534,1.3851431064173227,0.3913273626744369,152058.99420901338,0.7612457595128804,-0.6552566221299232
f1800_w0.25_k12-36_e12,72,0.18269163768931485,0.6738884877588949,0.9719970395858729,0.924310472875749,72.03568116971341,1.3855626419210827,0.3789476541320117,138280.23315708112,0.7614436325431826,-0.6965646217283935
f1800_w0.25_k48-48_e38.4,72,0.23719555579708096,0.6923185450756455,1.070799227311905,0.9697049536954552,71.13430847776581,1.428569544757917,0.39034026077662975,141314.75227792843,0.761894557206352,-0.7514280204123045
f2400_w0.75_k16-48_e16,72,0.21127131086119555,0.7094305546035113,1.3358911729200122,0.9458523209168381,74.55087606241001,1.3823493464646792,0.386236332310798,169892.14104569686,0.7623401763391446,-0.6706379671737038
f2400_w0.25_k48-48_e38.4,72,0.2325476107106938,0.69976586292269,1.123798141462047,0.9725432268770889,71.84297649744109,1.428875566758222,0.3904315519872785,143104.5113380783,0.7624032798591955,-0.7656512638687321
f2400_w0.45_k24-24_e19.2,72,0.2145050953101355,0.6965811801596744,1.0315742515603126,0.9520592772028975,72.67731784316149,1.4097173161075895,0.38456753754406225,140975.25940543826,0.7625194218619535,-0.7398728819749865
f2400_w0.45_k5-5_e4,72,0.21469274685425116,0.7100747854688101,1.4896194727431746,0.9510966399889049,74.23737918582503,1.38119087059766,0.39056150083442454,174890.5517028976,0.7626977883058801,-0.6057658213705911
f1200_w0.6_k16-48_e16,72,0.21183559752231756,0.6793993963890178,1.0652049060290099,0.9314013954162699,72.03200334526552,1.3835143349924508,0.385030562529588,143065.5741611946,0.762956486808088,-0.6918367010482672
f0_w0.1_k16-48_e16,72,0.22673912646444933,0.6643491507007683,0.954624484973342,0.9284077781453176,70.91802782603331,1.371373005602025,0.39086061513289183,146715.08485993757,0.7632040139255656,-0.6333679936969615
f2400_w0.45_k12-25_e11,72,0.17390598542679647,0.6943349823386327,0.9697145628126548,0.9352140340952686,73.54218864110187,1.3860270936702952,0.3827027419315979,149269.92789943467,0.7632688690836431,-0.6879626764279685
f600_w0.1_k24-24_e19.2,72,0.23071875304451378,0.6670867299782699,0.9070310923753623,0.9363628697238291,70.65188429397922,1.3890663767175901,0.38959846442132917,143021.07461077924,0.7634201983306541,-0.6792986095313356
f1200_w0.25_k24-24_e19.2,72,0.23776341801696255,0.6697137379889493,0.9179215909863532,0.9349478496107535,70.84945653269793,1.398469911717743,0.385212181468542,138089.41816590965,0.7636574457068668,-0.7089009272620223
f1800_w0.6_k8-8_e6.4,72,0.22764808592792973,0.7114096884398876,1.1484400942485316,0.963958455005937,73.53137461365442,1.3916216697954145,0.396294900225171,159315.48899024577,0.7637117456582998,-0.6373411910988359
f1800_w0.25_k16-48_e16,72,0.20003149545615106,0.672613917338522,0.9434699165889766,0.928441931865374,71.62061816535049,1.3877981433597515,0.38445640610866827,141701.94836931385,0.7644908822833476,-0.6948774841005144
f1200_w0.25_k48-48_e38.4,72,0.23857835715711717,0.6861921142731126,1.0464550561366002,0.9617957454072672,71.00087882476043,1.4252737541624487,0.39036866114545243,140210.87569435136,0.764529396795335,-0.7464287039530301
f1800_w0.25_k24-24_e19.2,72,0.2272189920165802,0.6790991571252221,0.9188104994953137,0.941803229392523,71.36093421422586,1.4063700050510133,0.3857342165846651,138702.85263172892,0.7646219683579599,-0.721107551856184
f1200_w0.75_k5-5_e4,72,0.21992697214765378,0.7269344082146362,1.8253209962869024,0.9706051809301011,74.64138343010366,1.3807310881192731,0.40212239904352565,172144.41783667088,0.7649501761437197,-0.5853908842575413
f2400_w0.6_k24-24_e19.2,72,0.2064700884512397,0.7029842724829507,1.286021475701362,0.9461551179911896,73.67095429062122,1.3964616934955176,0.3865242582943498,151037.52928270062,0.7653468572847953,-0.7138026257497766
f0_w0.25_k32-32_e25.6,72,0.22994762194157498,0.6746890212455486,1.0232399147614248,0.9437455330090387,70.81405436154036,1.4111323400323208,0.3872751207569299,136758.0203886705,0.7654558425598394,-0.7350525581058205
f600_w0.1_k16-48_e16,72,0.22673915059057165,0.6677411418193895,0.9546281522643059,0.9284074268920814,71.28381743741946,1.3744748328376164,0.39116117894806746,146736.56951172373,0.7655488842176293,-0.6390227697242921
f2400_w0.75_k16-16_e12.8,72,0.21360325365121524,0.7125288171500697,1.331334407943728,0.9420431878738154,75.16006318589884,1.3830101282209402,0.3857913461853135,168614.89334626912,0.7656747713915024,-0.6658448411888823
f600_w0.75_k8-8_e6.4,72,0.20136651554841062,0.6955671378166939,1.1798514071866202,0.9491068957305206,72.8250638483513,1.3785201305072137,0.3970856955702813,152810.2530692639,0.7657705556398726,-0.6173165689466844
f1200_w0.1_k16-48_e16,72,0.22673801703110857,0.6680476770962618,0.9546344679829805,0.9284105102682767,71.35455850547758,1.3746386458478643,0.391157767234582,146719.28651054972,0.7657802521810343,-0.6417423545212294
f0_w0.75_k8-8_e6.4,72,0.20136674826038953,0.6956099138983514,1.1798480722939446,0.9491055003824762,72.82968413420716,1.378505734680702,0.3971355212017274,152810.36460419095,0.7658274455654789,-0.6171751886128165
f0_w0.6_k16-48_e16,72,0.2118354755199049,0.6771696557029964,1.065222905263088,0.9256152703460158,72.14804402415929,1.381162251472608,0.38543875624293933,143180.90986412793,0.7659198469924042,-0.6868587904270191
f1800_w0.45_k12-36_e12,72,0.1816644977219527,0.6759213931551448,0.9636358630003508,0.9210900883141763,72.40895191628792,1.3844572453995008,0.381209284544127,139195.40371412935,0.7659844713385441,-0.6921998372977308
f2400_w0.45_k12-36_e12,72,0.19823638092298274,0.7024413795601558,0.9861181047663449,0.9371733847548932,74.1129220106975,1.393625305853133,0.3824329580148963,148457.80806803645,0.7661129915444185,-0.7038567967793301
f600_w0.25_k48-48_e38.4,72,0.238590356139808,0.6855532960940345,1.0464530334878568,0.9576520198770339,71.20806091800156,1.425109711333526,0.3900333457483214,140189.5607372516,0.7668133001435555,-0.7464488919471712
f0_w0.25_k48-48_e38.4,72,0.23858780716603872,0.6851429239790359,1.0464544036554175,0.9569403555799909,71.21356483920381,1.4247001016943275,0.3900174128374016,140186.14962973358,0.7670391001652943,-0.7460303186715874
f1200_w0.25_k16-48_e16,72,0.19907889207746515,0.6678699997601183,0.943472185763899,0.921044915786249,71.63884415332859,1.3841104982917085,0.38444297461956084,141215.26393471673,0.7671921696193906,-0.6879529498610805
f2400_w0.25_k24-24_e19.2,72,0.22589959287191191,0.6944918295250001,0.9451720277179286,0.9471243892794238,72.80689779121715,1.414200583736154,0.3849602962632641,143014.97383627368,0.7674221689921349,-0.7384717660707316
f1800_w0.75_k16-16_e12.8,72,0.2274171219700712,0.6959096577463771,1.3169646623960218,0.9329609315410731,73.81832076518441,1.3848060158785096,0.38547310166587373,153930.6418900641,0.7674949146398445,-0.6730687265686165
f600_w0.25_k32-32_e25.6,72,0.2299495900926074,0.6778168769374536,1.0232399147614248,0.9437456023341865,71.14574700709406,1.4140349605254825,0.3875675402680947,136782.89144411957,0.7676048727534157,-0.7401487621104179
f1800_w0.25_k32-32_e25.6,72,0.2299389092950681,0.6841287588085847,1.023247605836105,0.9483980863186052,71.61465626458802,1.4176781045803943,0.3876528338063395,137221.54430229988,0.767690143612778,-0.748584688940047
f1200_w0.25_k32-32_e25.6,72,0.22995884547895917,0.6783610192403633,1.0232409168351595,0.9441364565325687,71.26526279225502,1.4141206486392461,0.38770642296097163,136772.86919322654,0.7678658099725757,-0.7420327325380924
f600_w0.6_k16-48_e16,72,0.21183558007944253,0.6801808152641046,1.0652124504933762,0.9256160382047578,72.47328883095152,1.3839264743517938,0.38573429178040586,143213.61289662422,0.7680277669619502,-0.6923077285279231
f1800_w0.6_k16-48_e16,72,0.21663461090271063,0.689407271694603,1.0652001200609305,0.931400430222993,73.19109758116646,1.3873927922741869,0.38592670295691245,142746.39405220063,0.768150588583703,-0.7011736324453148
f600_w0.75_k8-24_e8,72,0.19880737967701584,0.6873926082618768,1.0878368066848698,0.939505040681039,72.55280962779383,1.377123202374925,0.3956183908746343,150200.95832946978,0.7681998060408202,-0.6411793929736068
f1800_w0.6_k12-12_e9.6,72,0.1963640605468538,0.6903204527327644,0.9182176582502701,0.9363930555546882,73.04946637516585,1.392287414779855,0.38732552203728254,146158.19437398907,0.7682831760935473,-0.6847877981356453
f0_w0.75_k8-24_e8,72,0.19880502278389478,0.6874819206740792,1.0878107541117057,0.9395030559414268,72.56247033420095,1.3770882324825096,0.3957220775251826,150201.48806902423,0.7683160038471213,-0.6408680904798009
f1200_w0.75_k16-16_e12.8,72,0.22739545436336506,0.6874042493304445,1.3169691173752556,0.9272443235087917,73.27604314223208,1.3795512609785763,0.3866549731462228,154342.3771714594,0.7684933097879725,-0.663716260452367
f0_w0.25_k16-48_e16,72,0.19905308097751329,0.6637365089425251,0.94347831208449,0.9155063951563014,71.47893945821193,1.3802207236290998,0.38467186903355305,141211.34601229502,0.768629897931773,-0.6826927334474998
f1800_w0.75_k5-15_e5,72,0.21280226530726748,0.7122826563686115,1.2757660470020764,0.9534086674461011,74.27577863744145,1.377693971123355,0.3989697828193669,163002.0631614097,0.7687205850009897,-0.6141259590145722
f2400_w0.6_k12-25_e11,72,0.19118641863985514,0.700404495791153,0.9294518068799484,0.9367040300302465,74.10316588869314,1.4020562011536322,0.38210064926966464,146936.087405388,0.7690224593063176,-0.7131036212446286
f600_w0.75_k16-16_e12.8,72,0.21792922035411538,0.6860753291744603,1.3169755479185143,0.9248377864643784,73.32308752080992,1.3792924225403864,0.3858834139331622,154253.2808558428,0.7690449093438891,-0.6607941821614907
f600_w0.45_k12-36_e12,72,0.1841480814436084,0.6641033758530349,0.9636347826786418,0.908149633104362,72.05414208138457,1.374967664111917,0.38164037182647353,139585.36297944756,0.769163893841236,-0.6787092198055976
f0_w0.75_k16-16_e12.8,72,0.21792738853236832,0.6861746486268642,1.3169804131755594,0.924837553644176,73.33385382451894,1.3792531511417645,0.3859953069577129,154257.71152599584,0.7691696077289111,-0.6604406364543561
f0_w0.25_k24-24_e19.2,72,0.2377438096179229,0.6664480840128029,0.9179225163495417,0.9241213261631241,71.23405130039694,1.3953356287694183,0.3854623738301836,138080.75818413755,0.7695709475932028,-0.7070661702527197
f2400_w0.45_k32-32_e25.6,72,0.23232647028702608,0.7023355095364341,1.0516687128016289,0.9504192189459529,73.51683611994004,1.4150055153185288,0.3872049610128206,144053.87358784775,0.7699898200439287,-0.7427835553375112
f1800_w0.1_k16-48_e16,72,0.2263502166294843,0.6809507566981865,0.9546987268534972,0.9335681555027526,72.37014750285124,1.3871080094186996,0.3916104326848415,146910.0233491529,0.770516960911612,-0.6661090957132367
f0_w0.45_k12-36_e12,72,0.1841481135271391,0.6641730315067664,0.9636346988110293,0.9059727790807605,72.234976099205,1.3748133375937126,0.3818211473293976,139588.02489786284,0.770940580567914,-0.6788778061518034
f1200_w0.75_k8-24_e8,72,0.20602731534893604,0.6896856214098828,1.0878670687960321,0.939500524544723,72.88586013826786,1.3776698637232383,0.3973909902121451,150285.06319535285,0.7710058752056737,-0.6457352092273826
f1800_w0.75_k8-8_e6.4,72,0.22245534264003064,0.7150095118862464,1.179890629446413,0.9597075395600163,74.17363766447103,1.3894567761626329,0.40063544306526166,152101.3181232233,0.7710893119599252,-0.6417253587925811
f600_w0.9_k8-8_e6.4,72,0.2163752691986413,0.7304470764580715,1.673522241067743,0.9621192098896224,75.6804362963888,1.375988588801086,0.40329462448789816,160089.08224673005,0.7713903970507943,-0.5907133737316423
f0_w0.9_k8-8_e6.4,72,0.2163752691986413,0.7304478060904055,1.6735236388016785,0.9621186486438703,75.68055874401689,1.3759878701151946,0.40329514326540106,160090.3084844989,0.7713912524664496,-0.5907110660846623
f600_w0.75_k5-5_e4,72,0.2290519570525117,0.7290283008814249,1.825313462802025,0.9659228092146502,75.12368473279587,1.3810217823856605,0.4049153165149631,172238.47699416775,0.7714720297560781,-0.5820948116396418
f0_w0.75_k5-5_e4,72,0.22905200234007994,0.7290272782265562,1.8253053874941068,0.9659225336413093,75.12360325143456,1.3810238238606365,0.40491524687494423,172236.0982047295,0.7714726381774208,-0.58209917945233
f1200_w0.6_k12-25_e11,72,0.2102472179383329,0.6788034279354846,0.9182139397534955,0.9224602084205452,72.81124641666132,1.3861720633510815,0.38586057880670593,145536.52405102833,0.7715172325462099,-0.6787048136223679
baseline,72,0.18045709143586097,0.6729537765445303,0.9595964722785386,0.9126768962589994,72.88720169054206,1.3719843949313777,0.38565625798948217,147100.10060037876,0.7716900165568459,-0.6638042656606978
f600_w0.25_k16-48_e16,72,0.19904621855964605,0.6683962291025597,0.943475128501231,0.9155059038372757,71.98792195988695,1.3844930067295196,0.3850760428308713,141242.19081543104,0.7718520870460633,-0.6904037722684011
f1800_w0.75_k5-5_e4,72,0.21992319864459764,0.735004471766754,1.8137100535251927,0.9706495134618096,75.46926252958784,1.3873181913130999,0.40460729220170194,168361.62458640797,0.7718616259385402,-0.6002735986834127
f1800_w0.75_k16-48_e16,72,0.22348374524519654,0.7005978728576971,1.3174827795534574,0.9344236811867712,74.2379046399208,1.388211653876948,0.38839396683000665,157442.2138752121,0.7719095595982527,-0.6836990582143369
f600_w0.25_k24-24_e19.2,72,0.2377363575349184,0.6701013898527575,0.91792261303753,0.9241211761137069,71.62937544266997,1.398728752299426,0.3857707372018894,138105.88604624756,0.7720821073062842,-0.7129418760167944
f600_w0.6_k12-36_e12,72,0.21629323772865483,0.6728711392038778,0.9253518982713579,0.918365637443113,72.45180839067405,1.392280016457565,0.38306030722310425,140972.82195597113,0.7722410145613592,-0.7000590383224579
f1800_w0.1_k16-16_e12.8,72,0.23833646780785817,0.6816108787467962,0.9557912597770407,0.930088615961753,72.69311679976543,1.3799078423410673,0.39330921662984203,147011.38679356882,0.7722880723396433,-0.6476803976051212
f2400_w0.25_k32-32_e25.6,72,0.2298837366183899,0.6966443771970747,1.0271452873278817,0.9483516356407653,73.2200560564879,1.4226722025260274,0.3864590565958658,139476.95519413322,0.7722926256268581,-0.7655226829594105
f1200_w0.9_k8-8_e6.4,72,0.23620854969331356,0.731395391016878,1.6735206967118552,0.9621182372086703,75.7790562963741,1.376562979479772,0.4037688623031962,160116.72441489715,0.772320366077527,-0.5946318793115293
f0_w0.6_k12-36_e12,72,0.21629323772865483,0.6729558798461217,0.9253518998014318,0.9183662741431293,72.46102766119708,1.3922460774839256,0.38315666767922446,140975.22598654317,0.7723478881254366,-0.6997437497309145
f2400_w0.75_k12-36_e12,72,0.21921063803870566,0.7159323499612525,1.309255156547201,0.9414246399952213,75.6297647770695,1.3889352337026537,0.38956460811344673,164832.19582766757,0.7730882256862259,-0.6741555594337509
f1200_w0.6_k12-36_e12,72,0.21627765053840725,0.6740898102438431,0.9253525637954297,0.9183714647910488,72.60496584785645,1.392029478938541,0.38398081142021645,141002.7876181316,0.7734512578164277,-0.7017082187072259
f2400_w0.6_k12-36_e12,72,0.19656413599309103,0.7068110587533275,0.9724307276063152,0.9385135807042086,74.7117525673731,1.4059563633318093,0.38492180346381777,148910.3212895685,0.7737890395226843,-0.7222634348097676
f1200_w0.45_k24-24_e19.2,72,0.2256375998220861,0.6781251081448529,1.0251547579153575,0.9269568168961119,72.130786480379,1.3948249974878826,0.3892053929957894,140099.63092522198,0.7738409870921332,-0.7122084491090116
f2400_w0.75_k8-8_e6.4,72,0.22789664104379448,0.7282602446540674,1.232580731764328,0.9597109042336469,75.52029931922863,1.3983991848008743,0.39692567266521006,156791.86054139075,0.7739520830949653,-0.6589585480102278
f1200_w0.6_k24-24_e19.2,72,0.22231611341237784,0.6861766862857337,1.2546882217158233,0.9251621935748905,73.12815619027323,1.3871055514987503,0.38920126165525004,149892.71847974393,0.7745243778552002,-0.6921074802208659
f0_w0.45_k24-24_e19.2,72,0.22563500193188596,0.6758462910141567,1.025162400146527,0.9237625441738799,71.94781192226303,1.3922522222717644,0.3899783077764469,140111.05021673956,0.7749593210077692,-0.7073123998025824
f2400_w0.75_k5-15_e5,72,0.20327225780320196,0.7305819198111192,1.279075048961421,0.9539813379249411,76.23933472634586,1.3924559820660156,0.395387439236994,165216.63044159685,0.775075901674767,-0.6432271182518192
f0_w0.45_k12-25_e11,72,0.1804715128220135,0.6720762798094877,0.9596157687626818,0.9073375250648804,73.20122769177986,1.3721378077235984,0.38544231645963134,147129.78867252404,0.7752507515990754,-0.6629760177245095
f600_w0.45_k12-25_e11,72,0.18047094834271515,0.6720761972155493,0.9596062866101549,0.9073375250648804,73.20120513558291,1.3721427652928107,0.38544083219054404,147127.40867341505,0.7752510174491001,-0.662991543459111
f0_w0.6_k12-25_e11,72,0.21026045739641264,0.6791710553420306,0.9182223253375805,0.9175849217968683,73.23827021466633,1.3867977222771222,0.38659775818479464,145628.23231980597,0.7761971526797438,-0.6800499897959557
f600_w0.6_k12-25_e11,72,0.21026066898824775,0.6791712103486673,0.9182174815346712,0.9175835039624525,73.23836330799213,1.3868021941611126,0.38659571531625475,145626.96110348668,0.776197727438602,-0.6800654895260073
f0_w0.75_k16-48_e16,72,0.21496567088007834,0.687748980890114,1.3174962894930873,0.9185391839267776,73.96653218197274,1.379761329402008,0.3879704266331352,157255.90064965686,0.7763273815677777,-0.6698295099963447
f2400_w0.75_k24-24_e19.2,72,0.217228438432075,0.7178104207268129,1.3170283497382689,0.9386672154548921,75.85148745989197,1.3916720270192984,0.38994805812007716,164692.55289424802,0.7764768703216185,-0.698703955252647
f1800_w0.6_k24-24_e19.2,72,0.22257534017839292,0.6926924502431405,1.2544095961546367,0.9255531110509556,73.92782860030819,1.391355564238497,0.38820888033755513,149378.14440716236,0.7768495819742414,-0.7040829541700134
f1800_w0.45_k24-24_e19.2,72,0.22937646918034216,0.6865433541385195,1.0216782205477801,0.9304329591269944,72.97419295038213,1.404952365524785,0.3884144532787442,136883.14291918487,0.7769042618496689,-0.7338425292325718
f600_w0.45_k24-24_e19.2,72,0.22563500193188596,0.6789578509309722,1.0251578433491344,0.9237588493159798,72.29404348077169,1.3951525967527094,0.3902010926561094,140132.0866737265,0.7770902136760091,-0.7126020542080556
f2400_w0.75_k12-12_e9.6,72,0.2231214165248528,0.7232422193417938,1.3135194387689388,0.9400614694282364,76.39693673785659,1.3918723118671168,0.389978207585723,161685.90965804938,0.7772004697161702,-0.6767636655685119
f1200_w0.75_k16-48_e16,72,0.22349860446939362,0.6951448311278264,1.3174870291764822,0.9250914374594348,74.2697956571026,1.384632343922775,0.39009713875643726,157450.36506952575,0.7774202997971794,-0.6776015949894211
f1800_w0.75_k8-24_e8,72,0.22002158367730507,0.7015005111356343,1.0880318927966734,0.9394974832690233,74.1433243738369,1.3845689141624462,0.3981883899051255,149894.2079293087,0.7774461892437677,-0.6592746907184872
f0_w0.6_k24-24_e19.2,72,0.22232306963157145,0.6836993802203275,1.25492695972999,0.9176782958459607,73.42560956390835,1.3855806677483231,0.38867413693907804,149885.61200945335,0.7782520091006827,-0.6915251932469489
f600_w0.6_k24-24_e19.2,72,0.22232990950261466,0.6855294983483353,1.2548050234319135,0.9191059212747111,73.51067136222252,1.3873875498967518,0.38870256894009647,149893.41173381018,0.7783674595471058,-0.6940626666337107
f2400_w0.75_k32-32_e25.6,72,0.20083978929920976,0.733974520857904,1.5328334333536453,0.9545162450391979,76.43318232640428,1.404607443131587,0.39419194130309243,169781.7390111705,0.7784291373081836,-0.7081176265686306
f1200_w0.45_k32-32_e25.6,72,0.23584535414884017,0.6807872619718947,1.04140181930519,0.9259176093611885,72.78456233168474,1.405489471056888,0.38800749475760576,140671.44426585682,0.778646722166321,-0.7288884894769652
f1800_w0.75_k32-32_e25.6,72,0.2084688369500453,0.7197208648729941,1.5372432469922657,0.9454831066991323,75.4019300704094,1.3963705892309066,0.39520385975595373,165138.9929283457,0.7786765310691339,-0.6894328050109476
f600_w0.75_k16-48_e16,72,0.21496661487726693,0.6924599467678857,1.3174924290812127,0.9185392374269044,74.47938661397022,1.38408957395637,0.3882650174478179,157283.52612543307,0.7794701001725589,-0.6767856765512116
f1800_w0.45_k12-25_e11,72,0.17549938488586148,0.6855394222502303,0.9595761887952493,0.9126667209265004,74.26705450730113,1.3809471147533687,0.3880489695809144,147789.7661579816,0.7807936464247693,-0.6779247816978674
f1800_w0.6_k12-36_e12,72,0.21625540890001055,0.6884969276371817,0.9278212374202396,0.92073930495231,73.98284850052268,1.400145262555064,0.3864900327672913,141134.85549569345,0.7810243187753791,-0.7171930616862112
f1800_w0.6_k12-25_e11,72,0.20487604746261617,0.6919291687976061,0.9182176582502701,0.9224332433058025,74.2360803939676,1.3963533843044453,0.3885246073528287,146250.95751714185,0.781417000133156,-0.6959683783486041
f2400_w0.45_k48-48_e38.4,72,0.22452057019548083,0.7210476121392282,1.2107265952927384,0.9612939210263389,74.77232031657528,1.434199411378631,0.39460516139292234,147287.17789115614,0.7815768920241546,-0.7712422356686123
f2400_w0.6_k32-32_e25.6,72,0.21895863310869357,0.7181016932211857,1.3126729586039485,0.9462356670962377,75.46023095306822,1.4054950602154423,0.39510676480955653,160119.54526642623,0.7815839512679583,-0.7185929257363671
f1800_w0.45_k32-32_e25.6,72,0.23750887513457497,0.690726308705124,1.0413929184036173,0.9285224344176037,73.75194312951146,1.4119000060217515,0.3877124502493875,140331.66815377277,0.7816408359626479,-0.7426843055304463
f1800_w0.9_k8-8_e6.4,72,0.2361936664610929,0.7489290881263568,1.6735237612525977,0.9621184736630947,77.6011882563276,1.3884451738522314,0.4052337694783234,159945.7607480981,0.7826378518721164,-0.618056450003411
f600_w0.75_k32-32_e25.6,72,0.21287464460330952,0.711490099375639,1.5372142413599772,0.9331666156287018,75.44213779757136,1.392660229391909,0.39496520438985755,164636.1452634506,0.7837641817562451,-0.6883274996150305
f1200_w0.75_k32-32_e25.6,72,0.21287266327134524,0.7119783168028384,1.5372179062464448,0.9331679650958623,75.51689359261587,1.3925418219702659,0.39516887466698575,164639.64121728964,0.7841115054179504,-0.6894820153156159
f0_w0.6_k48-48_e38.4,72,0.22844376436322128,0.7098654857498108,1.2746189408465143,0.9465220098689454,74.30622645246925,1.4116580551178182,0.3987333042344286,156350.36261048383,0.7843618672626671,-0.7184173306461545
f0_w0.75_k12-12_e9.6,72,0.19904273400872186,0.6971830875292253,1.0129742029749267,0.919345296928932,75.13185320241563,1.3904898633736111,0.3898027890927089,147575.87608699518,0.7845072224957828,-0.6794516186587707
f600_w0.75_k12-12_e9.6,72,0.1990464231173894,0.6971847984407484,1.0129586891529316,0.9193434431238128,75.13219912266841,1.3904941835724176,0.38980135345462535,147575.29967883512,0.7845092133580707,-0.6794668455624899
f2400_w0.9_k48-48_e38.4,72,0.2280229960959188,0.7788061333370737,1.77190276643712,0.9969960650688596,78.1152665114364,1.4245179208704344,0.41083618531966004,179915.15451382677,0.784545307168181,-0.7138124317388522
f1200_w0.75_k12-12_e9.6,72,0.19904723945419106,0.6981976236105918,1.0129464437514029,0.9192959409420945,75.31259204881717,1.3904932881410133,0.39063378017537587,147607.70222243297,0.7858181359185076,-0.6811337959552187
f0_w0.45_k32-32_e25.6,72,0.2358553010704832,0.6786096139877797,1.0414194961698813,0.9138778668073703,73.44613643172111,1.4037629899996253,0.3877646791549809,140659.59802461098,0.7859874313371661,-0.7299566539414958
f600_w0.9_k8-24_e8,72,0.20858113013672064,0.7396673981562129,1.6479318121236421,0.9447673096493322,77.91064807997785,1.3763597382308765,0.40328217459555016,166666.02525867493,0.7861881737925638,-0.5847467170277956
f0_w0.9_k8-24_e8,72,0.20857959901995055,0.7398276383750358,1.6479329946503638,0.9447674976838767,77.92758634686577,1.3762996126545928,0.40346386518432276,166671.728437114,0.7863902678116754,-0.5842095622649307
f1800_w0.6_k48-48_e38.4,72,0.22306777519305565,0.7173403560797501,1.2245403550619793,0.9481971027782174,75.04617061206395,1.4181090741467954,0.39762403329404467,154683.7747725127,0.7864980749671967,-0.7385168680495577
f600_w0.6_k48-48_e38.4,72,0.2284402019710038,0.7130297069982395,1.274462418691116,0.9465220098689454,74.65124532914884,1.414890576360493,0.3991517505522141,156537.50996224408,0.7867864896543624,-0.7236249438831293
f2400_w0.75_k12-25_e11,72,0.238469051031245,0.7260997494002817,1.2826127399488332,0.9321096423890611,77.44035101448294,1.3956829505024217,0.39165028364342386,162125.31436418855,0.7870955086261431,-0.6864403340296793
f1200_w0.6_k48-48_e38.4,72,0.2284390744004156,0.7135815958301706,1.2743125229639902,0.9465213101924876,74.74022937705807,1.4153561240792094,0.39908484085075613,156533.86887889038,0.7871068998332968,-0.7269109305879449
f1200_w0.6_k32-32_e25.6,72,0.23413521078731514,0.6954357300331881,1.2532177396467794,0.9263894800218073,74.11178889965278,1.3966482959621496,0.39677613451341875,152279.63368482457,0.7873235167228285,-0.7074331698866562
f0_w0.45_k48-48_e38.4,72,0.24196055731692917,0.6982222716129038,1.1891604746931506,0.938853614663312,73.71181851418393,1.421394821105235,0.395722584949285,144862.95288860638,0.7873693136053608,-0.7424527743529591
f600_w0.45_k32-32_e25.6,72,0.23585790129424955,0.6806077630262486,1.0414094663863198,0.9138777780074695,73.66476899816735,1.405581511599783,0.38800655663473677,140674.40846190738,0.7874232506200064,-0.7336909054387795
f1200_w0.45_k48-48_e38.4,72,0.24196140985736347,0.6999573825714653,1.1891592633343167,0.9402500587922695,73.8099492304827,1.4228004158307306,0.39590871968074104,144866.47650432526,0.7875518289858112,-0.7472096143326608
f0_w0.75_k32-32_e25.6,72,0.2128762024228541,0.7114308823553405,1.5372142698721174,0.9279566344870757,75.8330397149729,1.3924264261591832,0.3951050787031622,164641.1672555835,0.787596744489353,-0.6896151416711056
f600_w0.45_k48-48_e38.4,72,0.241960579233284,0.6993991817447601,1.189160882624337,0.9388530408426012,73.83048989812208,1.422535667691888,0.39583484368375754,144871.38404375062,0.7881797077789352,-0.7453096361288468
f1800_w0.75_k24-24_e19.2,72,0.22750714913393022,0.7104579459496496,1.2835836336258113,0.921305885317171,76.12362223603645,1.391202984019954,0.3918891110559032,160952.34150913465,0.7882641685516056,-0.698827183981967
f2400_w0.6_k48-48_e38.4,72,0.22114098517378605,0.7324400239179814,1.322399032050405,0.9556279383691331,76.2966154626413,1.4223897319033378,0.398812331859736,159680.91092579035,0.7884163677102747,-0.7528145405713258
f600_w0.6_k32-32_e25.6,72,0.2341426081999189,0.6943450889167694,1.253357078128005,0.9235279965228491,74.14317174902715,1.3964636428869472,0.39674881945942886,152091.95172372853,0.788855366703102,-0.7074545825510142
f1200_w0.9_k8-24_e8,72,0.22674454512671205,0.7420587477095959,1.6479301953760477,0.9447692802493572,78.09386066716038,1.37793671454074,0.40494177309321694,166805.3483295313,0.7888773123267191,-0.5914889166790144
f1800_w0.45_k48-48_e38.4,72,0.2368948386691383,0.7063900133260071,1.1891545032453066,0.9402499149187571,74.53555281504927,1.4271660032541542,0.39429897865070573,144618.37430380247,0.7892879777331413,-0.7590051167291824
f0_w0.9_k24-24_e19.2,72,0.22880660126829777,0.7317129554413303,1.3635173248996553,0.9477715567457045,76.81543983678155,1.4065243519665243,0.39996343774553456,171545.2182485596,0.7893837585058723,-0.7012318111069648
f1800_w0.6_k32-32_e25.6,72,0.2341144440196294,0.7040995863658848,1.2528795794664906,0.9278853140669776,75.09744203957645,1.4048582552610402,0.3943109415915381,152069.7028439932,0.7894463214773761,-0.7229739956943176
f1800_w0.9_k48-48_e38.4,72,0.2439934528867752,0.7637320661054949,1.7461972411978264,0.9806171127517509,77.79060368009803,1.4216034577094865,0.4097354460113558,176767.13815964293,0.7898912695774076,-0.7122773202622101
f1200_w0.75_k24-24_e19.2,72,0.22754517625463572,0.7061683215849422,1.283597452216002,0.9166108891737106,75.8595652612157,1.3863030704926296,0.393499457074376,162095.99090922132,0.7900047549564478,-0.685620139205569
f1200_w0.9_k48-48_e38.4,72,0.2447088638916176,0.7601917937135689,1.7063925929158605,0.980618238589694,77.42934841732396,1.4209413460738072,0.41115096628836256,174889.83376379308,0.7901701484660556,-0.7112138247885885
f600_w0.9_k5-5_e4,72,0.2501008302904309,0.7574356535621914,1.8573997612174447,0.9644468018400116,78.35567530386453,1.3779290595614555,0.4159738040309128,172554.2372576499,0.790254139742796,-0.5690913191811071
f0_w0.9_k5-5_e4,72,0.25010079033918875,0.7574360496227691,1.8574015983324634,0.964446082025403,78.3557726005092,1.3779287062693748,0.4159741630548064,172555.95339873398,0.7902549869865289,-0.5690892794635484
f2400_w0.75_k8-24_e8,72,0.2150787943017377,0.7372382425244048,1.237579452237482,0.9445278260955342,77.61037555428678,1.4075091153458967,0.39789238474008193,156693.63900194172,0.7913641679061377,-0.6899574609970881
f0_w0.75_k24-24_e19.2,72,0.22756077147972914,0.6993526695653179,1.2836006362155414,0.9083723191244958,75.76787782608412,1.3810714211077826,0.39247951281775223,162035.38466846067,0.7913794730712844,-0.6803925782344296
f0_w0.6_k32-32_e25.6,72,0.234149558791528,0.6930703367618507,1.2535023861727987,0.9187992265181604,74.36843571952537,1.3950560742126394,0.3968401067577325,152089.02378026745,0.791572326576745,-0.7067167966197162
f1200_w0.9_k5-5_e4,72,0.26247203282267273,0.758640550048522,1.8573968886608678,0.9644638893618148,78.47931586849819,1.3782073631049565,0.41691119470907534,172606.27083988278,0.7915927491628558,-0.5707206230838642
f600_w0.9_k24-24_e19.2,72,0.2288089048182705,0.7370482056423246,1.3635190044130276,0.9492232635543989,77.29198631449606,1.4107973079888874,0.40032493669233915,171588.90262241813,0.7916880311600205,-0.707719397944443
f600_w0.75_k24-24_e19.2,72,0.22755168423761535,0.7053084973569127,1.2836014114428507,0.9126762329415649,76.07429029863735,1.3865279941139532,0.3928202764110024,162071.02175420884,0.7920944304285336,-0.6872954533845235
f2400_w0.9_k32-32_e25.6,72,0.22999493628414097,0.7737744213024507,1.7057328109601968,0.975714849011776,79.21071780260642,1.4163942256428999,0.4080839632635684,181042.87752547456,0.7924603890790041,-0.7089375654888798
f1200_w0.9_k24-24_e19.2,72,0.22881333121613473,0.7380859599052637,1.3635155111942694,0.9492228800280302,77.40135655248024,1.4108542445328984,0.4008576180217222,171568.3732642383,0.7925145185517541,-0.7093769628417923
f600_w0.9_k32-32_e25.6,72,0.23025487878276468,0.7499646781682728,1.6563526964667548,0.9627451295822032,77.61255789786657,1.4135753696803859,0.40717421086751343,172903.35468828207,0.793249997215376,-0.7038586172875381
f0_w0.9_k5-15_e5,72,0.23330538566423153,0.7567814754692066,1.8375712949353842,0.9585058540337144,78.73792271253716,1.3785989923790753,0.4149306889913715,167673.5941898072,0.7934991805666667,-0.571730841754029
f600_w0.9_k5-15_e5,72,0.23330551594554616,0.7567802571984309,1.8375688866715605,0.9585051239853636,78.73785510437816,1.3785999911489906,0.414930207725336,167670.70212895106,0.7934992733473953,-0.571734465601174
f1800_w0.9_k8-24_e8,72,0.2267372578939733,0.7542108867025887,1.6479324696653566,0.9466558511320887,79.31159395654583,1.3856989806484663,0.40473126700721085,167345.6056299369,0.7935224283590243,-0.6091191325503136
f0_w0.9_k32-32_e25.6,72,0.2302527141381424,0.7495896049006947,1.6563526964667548,0.9612239286724045,77.6963457955333,1.4129531656793763,0.4074270553968266,172911.58001715568,0.7942828392317949,-0.7028382251129892
f1800_w0.75_k12-36_e12,72,0.21940741045331524,0.7076437001372765,1.0875447318326132,0.9151820755002265,76.57959051635387,1.3947928579913627,0.3925468895695613,150549.95047792318,0.7946849454791315,-0.695784368917896
f1200_w0.9_k5-15_e5,72,0.24604218432865788,0.7581028073301636,1.8375661772868312,0.9585080483073591,78.87560017976534,1.3789791919926928,0.41589839677456497,167705.1984160695,0.7949478118515717,-0.5748774673275197
f0_w0.75_k48-48_e38.4,72,0.23308084360657016,0.725083177363945,1.4939665563977216,0.9431825864919878,76.28079539868725,1.4065044232081587,0.4045814169219437,166324.25365275424,0.7950848483507829,-0.6995161953936749
f1200_w0.9_k32-32_e25.6,72,0.2343954172506852,0.7529719526201876,1.656357395484057,0.9627450738965326,77.92493399676545,1.4112759099589882,0.40928956474629696,176692.35396551297,0.7953323091858037,-0.69852089377562
f0_w0.9_k48-48_e38.4,72,0.2447120043268779,0.7595158084025739,1.7044763694292264,0.9726974642612283,77.94059471695579,1.4202903592755982,0.41149298280955815,174865.88539111387,0.7956162221473968,-0.7110315286547211
f600_w0.9_k48-48_e38.4,72,0.2447093095126448,0.7596118801148507,1.7044077803948217,0.9726996883642596,77.95031463861704,1.420504017874012,0.4113982210445257,174864.5882307981,0.7956198277860012,-0.7116351949804541
f600_w0.75_k48-48_e38.4,72,0.23307754749663784,0.7257918771517462,1.493852521002263,0.9431838893968315,76.35923713635978,1.4071276258219434,0.4047055924973575,166326.61737572856,0.7956259315773292,-0.7013777918838972
f2400_w0.9_k12-36_e12,72,0.23084317001878746,0.7773577142087875,1.770994374495344,0.9668411506510188,80.1886641428293,1.4020060549325226,0.4096088140200758,179615.43057182353,0.795893061714992,-0.6494863543639762
f2400_w0.9_k24-24_e19.2,72,0.2326613281746856,0.7641361003441768,1.4081289599737392,0.9594798582816895,79.53417931327444,1.4179302698455334,0.40203423037495384,176186.9850485669,0.7961507824292501,-0.7172890187239264
f600_w0.75_k12-25_e11,72,0.2256434345488429,0.7032012822901721,1.0129586891529316,0.9122582677541677,76.28709469521834,1.3960631503614367,0.39285401703757106,148431.5402481856,0.7963159440939874,-0.6907855107691451
f0_w0.75_k12-25_e11,72,0.22564289415237854,0.7032013105519515,1.0129742029749267,0.9122582677541677,76.28708206805571,1.396059160526643,0.3928565887095769,148432.08581946185,0.7963170552367629,-0.6907691720386296
f1800_w0.9_k32-32_e25.6,72,0.23440757930544087,0.7610909838271337,1.6563872992507973,0.9646921126210726,78.60810239372674,1.4160590165370184,0.4080958370605743,176302.24829346527,0.7965280708343109,-0.7078033084914693
f600_w0.75_k12-36_e12,72,0.21623396246017196,0.6963886465913541,1.0876817081359353,0.9042782629058106,76.21009809555157,1.3902596277175021,0.39153672196898687,151362.65859464696,0.7971162998264826,-0.686152197308259
f1200_w0.75_k12-25_e11,72,0.22562335635849684,0.7040521155640647,1.0129464437514029,0.9122589502166394,76.4471306065098,1.3960801450897504,0.3934998801660438,148459.26359407816,0.7973676095743867,-0.6928994413723808
f1800_w0.75_k12-12_e9.6,72,0.2234983135407299,0.7161428141790793,1.01296081874058,0.9192485286110799,77.26815097712934,1.400347801341002,0.3939392541267533,148184.75138982703,0.7975693289394187,-0.6988989460310103
f0_w0.75_k12-36_e12,72,0.2162334749671525,0.6967849396306772,1.0877321909881184,0.9039154477761902,76.28451932512506,1.390287214667907,0.39200246596224236,151384.77365350974,0.7979786688953098,-0.6856591315754057
f1800_w0.9_k24-24_e19.2,72,0.2288089261083457,0.7492197480671126,1.3635002785214752,0.9492225679483042,78.57426465891722,1.4165626972239793,0.4017229270080949,172120.18829143976,0.7983312288186909,-0.710059556508091
f1200_w0.75_k48-48_e38.4,72,0.23307300274488352,0.7264025570703142,1.4945895207179007,0.9399152180831266,76.74198513588028,1.4073022594113511,0.4047682476556928,166371.59292620068,0.7984433014089939,-0.7049246079585902
f600_w0.9_k12-12_e9.6,72,0.21003836307237705,0.7445029172486433,1.574285176698814,0.9379275583223725,78.86725442938206,1.3943016945814446,0.40330293682504476,164417.7978761034,0.7987092106352426,-0.6253847287781404
f2400_w0.9_k16-16_e12.8,72,0.21723099860793,0.776507730121299,1.5291732977971404,0.9595699098286392,80.55180005357539,1.4129883262275493,0.40386347966004077,167820.351550054,0.7987314535326016,-0.6859378616413522
f2400_w0.9_k5-15_e5,72,0.254703568666511,0.7845557346336249,1.8600804829332742,0.9765975061882516,80.28265050106688,1.396038756694024,0.4193717899614089,169582.41719910366,0.7987381399903852,-0.6153660048534143
f1800_w0.75_k48-48_e38.4,72,0.23306114091656227,0.7348080056197503,1.4943159033568358,0.9443363063506426,77.35403740470886,1.412730693952971,0.40395571855235163,166767.10594172723,0.7987395187685495,-0.7102218210996047
f0_w0.9_k12-12_e9.6,72,0.21003404097030076,0.7447764987268033,1.5742966037208763,0.9379281247445643,78.89639629257383,1.3942045179157465,0.40361427566593766,164425.02313768945,0.7990582531755122,-0.6244196756350043
f2400_w0.75_k48-48_e38.4,72,0.2164374052112058,0.7517402756162062,1.5312179229425968,0.950561544541515,78.87925386476776,1.4211530630614717,0.40273596311396653,168442.06936510562,0.8010195616996324,-0.736230978901984
f1200_w0.75_k12-36_e12,72,0.21840702302878756,0.7004820971118932,1.0876347233813706,0.9042781782634097,76.66277766884906,1.3893519387501894,0.3952003845346338,151606.69376307598,0.801585155664765,-0.6863420538132365
f2400_w0.9_k16-48_e16,72,0.21184721449411786,0.7692788855428834,1.6472599324163564,0.9563074354319783,80.20327017073282,1.4085417326363683,0.407800231247213,174461.81795987274,0.8019237914132605,-0.6768955311465643
f600_w0.9_k16-16_e12.8,72,0.2270233030680559,0.7438422189870525,1.4758196405004678,0.9348586341784226,78.91664170391509,1.3999777210013575,0.40308832855382504,163003.3578005232,0.8022880715338709,-0.6673521617025255
f1200_w0.9_k12-12_e9.6,72,0.22486915979425887,0.7481793963189549,1.574275350549982,0.937931186801654,79.25890162681756,1.394971210277499,0.40595176382371095,164591.87969871826,0.802575253666841,-0.6305768173650514
f0_w0.9_k16-16_e12.8,72,0.22702594699263146,0.7440739677580499,1.4758272289431464,0.9348566858847704,78.94161309792572,1.399896271338429,0.40334302161603375,163007.89882663926,0.8025771446335119,-0.6665344267307873
f2400_w0.9_k8-8_e6.4,72,0.24380167755868715,0.8011192750267147,1.7074288420518982,0.9737006769909533,82.11953440213962,1.416246661902528,0.41048367851015616,173726.32425391156,0.803113270555958,-0.6301053656995034
f1800_w0.9_k16-16_e12.8,72,0.2354067352193056,0.7543904985534635,1.475815663479889,0.9420042313746226,79.5320553018703,1.4039906764940437,0.40478088644351395,163426.63299951443,0.8031431134074671,-0.6768277771555108
f600_w0.9_k12-25_e11,72,0.22771168720676616,0.749776746267207,1.574285176698814,0.9379275583223725,79.44638172118846,1.3970019648416079,0.4053820257657089,164207.85888178524,0.8032035048875791,-0.639693027317245
f1800_w0.9_k5-5_e4,72,0.2566074720523936,0.7746776941352806,1.8573946769351992,0.9649650225347027,80.10053351036431,1.3818331137293784,0.4234614970156334,173905.8651379008,0.8032500234725073,-0.5781582385924493
f0_w0.9_k12-25_e11,72,0.2277085231172195,0.7499682426526318,1.5742966037208763,0.9379281247445643,79.46677148804419,1.396933280199409,0.40559114837366905,164213.30764973728,0.803438716481867,-0.6390333078529659
f1200_w0.9_k16-16_e12.8,72,0.23504381283530135,0.7464371510141893,1.4758146753436874,0.9348579566123696,79.19427718942859,1.4003204615578935,0.404868395733823,163156.77891595973,0.8048849841253622,-0.6710381310399317
f1800_w0.9_k5-15_e5,72,0.25162454480009383,0.7775459326315448,1.8375658037712443,0.9626660543834599,80.66346561530229,1.3907668088141647,0.41963202312797754,168155.13119533897,0.8052426670247228,-0.5993757415720328
f1200_w0.9_k12-25_e11,72,0.24316456509093004,0.7534095528626783,1.574275350549982,0.937931186801654,79.83337465814945,1.397669976935458,0.4079835498918348,164381.539555195,0.8070096076514622,-0.6451134227850833
f1800_w0.75_k12-25_e11,72,0.24031896928801305,0.7202243064244384,1.01296081874058,0.9122612485390174,78.21933114190115,1.4043225536030408,0.39651854102507444,149012.11933647646,0.8077588146040655,-0.7070090577431621
f600_w0.9_k12-36_e12,72,0.20653990653715765,0.7579570652080709,1.6314433980357224,0.9379092670380735,80.36124210804248,1.3981039971532387,0.4080429672745639,171743.20038411225,0.8085556204887936,-0.641680038967115
f0_w0.9_k12-36_e12,72,0.2065399796255723,0.7581134604700117,1.6315337936077112,0.9354655544711099,80.58621445328338,1.3980267296400044,0.40821115448252093,171746.7855434184,0.8105630495840569,-0.6417772018654171
f1200_w0.9_k12-36_e12,72,0.22285680753821324,0.7610314345287525,1.6313601804912883,0.9379090211424737,80.68900782179097,1.3977035351114755,0.41036587541480113,171780.80565221497,0.8115548373721397,-0.6435383376862809
f1800_w0.9_k12-12_e9.6,72,0.24237910589551642,0.7632546420621646,1.5742641889659266,0.9379162147503858,80.87949066723613,1.4029679507668207,0.40801805420524573,164693.06674127385,0.8115590882530158,-0.6493777498495523
f1800_w0.9_k12-25_e11,72,0.24317217133951402,0.7630626836069566,1.5742641889659266,0.9379162147503858,80.87592666909205,1.4011189003520614,0.40935441453275434,164405.8353886426,0.8122271258134001,-0.6530142407040689
f2400_w0.9_k5-5_e4,72,0.2565914763742855,0.7930114470118697,1.8839268172558932,0.9649841048931241,82.02809931084191,1.396656164010867,0.4225510494416811,175081.42340195304,0.8124835851330493,-0.6038731778996581
f2400_w0.9_k8-24_e8,72,0.22182950679806007,0.7922899751349168,1.670886255182686,0.948113225614094,83.21912864795866,1.4138447468107014,0.4069160049983912,170250.61955667206,0.8147608825382524,-0.6504917764100765
f1800_w0.9_k16-48_e16,72,0.23105470624398755,0.7639061159026501,1.4387618221340985,0.9420852590727037,80.53256855092297,1.4161799811032685,0.40970784263672994,164134.00543734018,0.8148505602265028,-0.6955587624519061
f2400_w0.9_k12-25_e11,72,0.24517127572152703,0.7962388301912298,1.7214612806992333,0.9543477446692352,83.14061084820482,1.4131141193237258,0.41239176628088564,178818.80402372463,0.8165048064084772,-0.6559666257711176
f600_w0.9_k16-48_e16,72,0.23605724732040767,0.7612269638185433,1.4389602527284155,0.9390950619763334,80.46144986902426,1.4168052397415778,0.41083898074905123,164430.08494201506,0.8176141420262335,-0.6924250501305419
f2400_w0.9_k12-12_e9.6,72,0.22418817094828491,0.7952397082036435,1.7214612806992333,0.9498727120461211,83.36832630885661,1.4152471606891222,0.4099085698010007,179003.91384006653,0.8176951247688806,-0.655021759871157
f0_w0.9_k16-48_e16,72,0.23605967986374432,0.7613755204176534,1.4390265300921792,0.9390938357922061,80.44506176080782,1.4167522723191395,0.4109964564025939,164432.90997460793,0.8177126073583898,-0.691899466356143
f1200_w0.9_k16-48_e16,72,0.23883790821840295,0.7626271428949251,1.4388977174181208,0.939094746567152,80.61056696693228,1.4167204855845725,0.4117225944721377,164541.0586680589,0.818840805225797,-0.6940868406157662
f1800_w0.9_k12-36_e12,72,0.22285644100034452,0.7718613470361403,1.6312203992505994,0.9357581730049536,82.04332960740489,1.4040665489828612,0.4112332238286239,171545.88977548887,0.8192269988975033,-0.6584826798165213
